"country","iso2","iso3","iso_numeric","g_whoregion","year","bmu","bmu_community_impl","community_data_available","bmu_ref_data","notified_ref","notified_ref_community","bmu_rxsupport_data","bmu_rxsupport_data_coh","rxsupport_community_coh","rxsupport_community_succ","community_nsp","community_prog_review","community_annual_report","community_manuals","community_budget_available","cf_community"
"Afghanistan","AF","AFG","004","EMR",2013,,,,,,,661,,1089,991,,,,,,
"Afghanistan","AF","AFG","004","EMR",2014,722,,,661,15946,1088,506,811,811,811,,,,,,
"Afghanistan","AF","AFG","004","EMR",2015,708,539,1,539,35878,1146,750,37001,877,875,,,,,,
"Afghanistan","AF","AFG","004","EMR",2016,778,778,1,778,19710,1857,778,43046,1943,1803,,,,,,
"Afghanistan","AF","AFG","004","EMR",2017,817,817,1,817,47406,5214,778,46640,4123,,,,,,,
"Afghanistan","AF","AFG","004","EMR",2018,887,887,1,887,48421,7021,719,5869,5869,5341,,,,,,
"Afghanistan","AF","AFG","004","EMR",2019,873,719,1,719,7248,3052,,873,,,,,,,,
"Afghanistan","AF","AFG","004","EMR",2020,857,857,1,857,46058,7529,718,4981,4981,4720,,,,,,
"Afghanistan","AF","AFG","004","EMR",2021,852,718,1,718,5195,5195,852,2860,1800,1710,,,,,,
"Afghanistan","AF","AFG","004","EMR",2022,877,877,1,877,2681,2681,872,52407,5647,5647,,,,,,
"Afghanistan","AF","AFG","004","EMR",2023,872,872,1,872,49533,6964,,,,,0,0,0,0,,
"Afghanistan","AF","AFG","004","EMR",2024,,,,,,,,,,,,,,,0,
"Albania","AL","ALB","008","EUR",2015,28,28,0,,,,,,,,,,,,,
"Albania","AL","ALB","008","EUR",2016,28,,0,,,,,,,,,,,,,
"Algeria","DZ","DZA","012","AFR",2013,,,,,,,0,,0,0,,,,,,
"Algeria","DZ","DZA","012","AFR",2014,271,,,0,0,0,48,0,0,0,,,,,,
"Algeria","DZ","DZA","012","AFR",2015,48,48,1,0,0,0,0,0,0,0,,,,,,
"Algeria","DZ","DZA","012","AFR",2016,240,240,1,0,0,0,,,,,,,,,,
"Algeria","DZ","DZA","012","AFR",2017,250,17,0,,,,,,,,,,,,,
"Algeria","DZ","DZA","012","AFR",2018,247,,0,,,,,,,,,,,,,
"Algeria","DZ","DZA","012","AFR",2019,240,0,0,,,,,,,,,,,,,
"Angola","AO","AGO","024","AFR",2014,193,,,,,,,,,,,,,,,
"Angola","AO","AGO","024","AFR",2015,283,,0,,,,,,,,,,,,,
"Angola","AO","AGO","024","AFR",2016,302,280,0,,,,,,,,,,,,,
"Angola","AO","AGO","024","AFR",2017,302,0,0,,,,0,0,0,0,,,,,,
"Angola","AO","AGO","024","AFR",2018,333,9,1,9,5276,5276,9,2730,1129,971,,,,,,
"Angola","AO","AGO","024","AFR",2019,340,9,1,9,5630,2742,,,,,,,,,,
"Angola","AO","AGO","024","AFR",2020,157,0,0,,,,6,168,0,0,,,,,,
"Angola","AO","AGO","024","AFR",2021,155,26,1,22,23138,1000,22,17387,14124,11798,,,,,,
"Angola","AO","AGO","024","AFR",2022,155,26,1,22,16162,858,22,15283,12026,11743,,,,,,
"Angola","AO","AGO","024","AFR",2023,157,26,1,22,15007,3260,,,,,1,1,0,0,,
"Angola","AO","AGO","024","AFR",2024,,,,,,,,,,,,,,,1,157035
"Argentina","AR","ARG","032","AMR",2022,,,0,,,,,,,,,,,,,
"Argentina","AR","ARG","032","AMR",2023,0,0,0,,,,,,,,1,2,1,,,
"Argentina","AR","ARG","032","AMR",2024,,,,,,,,,,,,,,,0,
"Armenia","AM","ARM","051","EUR",2013,,,,,,,66,,0,0,,,,,,
"Armenia","AM","ARM","051","EUR",2014,66,,,66,1342,0,,,,,,,,,,
"Armenia","AM","ARM","051","EUR",2015,66,0,0,,,,,,,,,,,,,
"Armenia","AM","ARM","051","EUR",2016,66,0,0,,,,,,,,,,,,,
"Armenia","AM","ARM","051","EUR",2017,66,0,0,,,,,,,,,,,,,
"Armenia","AM","ARM","051","EUR",2022,,,,,,,16,25,25,22,,,,,,
"Armenia","AM","ARM","051","EUR",2023,56,37,1,0,327,0,,,,,2,1,0,0,,
"Armenia","AM","ARM","051","EUR",2024,,,,,,,,,,,,,,,0,
"Azerbaijan","AZ","AZE","031","EUR",2013,,,,,,,0,,0,0,,,,,,
"Azerbaijan","AZ","AZE","031","EUR",2014,69,,,0,5781,0,,,,,,,,,,
"Azerbaijan","AZ","AZE","031","EUR",2015,68,7,0,,,,,,,,,,,,,
"Azerbaijan","AZ","AZE","031","EUR",2016,68,7,0,,,,,,,,,,,,,
"Azerbaijan","AZ","AZE","031","EUR",2017,68,7,0,,,,,,,,,,,,,
"Azerbaijan","AZ","AZE","031","EUR",2018,68,0,0,,,,,,,,,,,,,
"Azerbaijan","AZ","AZE","031","EUR",2019,68,0,0,,,,,,,,,,,,,
"Azerbaijan","AZ","AZE","031","EUR",2023,68,6,1,6,,,,,,,1,1,1,1,,
"Azerbaijan","AZ","AZE","031","EUR",2024,,,,,,,,,,,,,,,0,
"Bangladesh","BD","BGD","050","SEA",2014,880,,,478,130121,79477,478,164175,164175,152778,,,,,,
"Bangladesh","BD","BGD","050","SEA",2015,882,478,1,478,173086,85676,478,173084,173084,161555,,,,,,
"Bangladesh","BD","BGD","050","SEA",2016,854,480,1,480,186557,96255,480,187896,187896,175867,,,,,,
"Bangladesh","BD","BGD","050","SEA",2017,866,480,1,480,202584,112379,480,202584,202584,189978,,,,,,
"Bangladesh","BD","BGD","050","SEA",2018,865,480,1,480,221259,123895,480,221259,221259,209171,,,,,,
"Bangladesh","BD","BGD","050","SEA",2019,857,481,1,481,242334,138110,481,242334,242334,228521,,,,,,
"Bangladesh","BD","BGD","050","SEA",2020,856,856,1,677,227748,123481,701,228791,228791,218227,,,,,,
"Bangladesh","BD","BGD","050","SEA",2021,858,858,1,701,230832,166747,701,230832,166747,,,,,,,
"Bangladesh","BD","BGD","050","SEA",2022,861,861,1,677,256099,123676,785,260610,144003,139025,,,,,,
"Bangladesh","BD","BGD","050","SEA",2023,871,806,1,806,299290,180869,,,,,1,1,0,0,,
"Bangladesh","BD","BGD","050","SEA",2024,,,,,,,,,,,,,,,1,306584
"Belarus","BY","BLR","112","EUR",2015,2,1,0,,,,,,,,,,,,,
"Belarus","BY","BLR","112","EUR",2016,8,8,,0,,0,,,,,,,,,,
"Belarus","BY","BLR","112","EUR",2017,8,8,0,,,,,,,,,,,,,
"Belarus","BY","BLR","112","EUR",2018,8,8,0,,,,,,,,,,,,,
"Belarus","BY","BLR","112","EUR",2019,8,8,0,,,,,,,,,,,,,
"Belarus","BY","BLR","112","EUR",2020,8,8,0,,,,,,,,,,,,,
"Belarus","BY","BLR","112","EUR",2021,8,8,0,,,,,,,,,,,,,
"Belarus","BY","BLR","112","EUR",2022,8,8,0,,,,,,,,,,,,,
"Belarus","BY","BLR","112","EUR",2023,8,8,0,,,,,,,,2,2,2,2,,
"Belarus","BY","BLR","112","EUR",2024,,,,,,,,,,,,,,,0,
"Belize","BZ","BLZ","084","AMR",2023,,,0,,,,,,,,2,2,0,3,,
"Belize","BZ","BLZ","084","AMR",2024,,,,,,,,,,,,,,,0,
"Benin","BJ","BEN","204","AFR",2014,57,,,,,,,,,,,,,,,
"Benin","BJ","BEN","204","AFR",2015,57,57,0,,,,,,,,,,,,,
"Benin","BJ","BEN","204","AFR",2016,70,70,0,,,,,,,,,,,,,
"Benin","BJ","BEN","204","AFR",2017,70,70,0,,,,,,,,,,,,,
"Benin","BJ","BEN","204","AFR",2018,76,76,0,,,,,,,,,,,,,
"Benin","BJ","BEN","204","AFR",2019,82,82,0,,,,,,,,,,,,,
"Benin","BJ","BEN","204","AFR",2020,89,89,0,,,,,,,,,,,,,
"Benin","BJ","BEN","204","AFR",2021,89,89,0,,,,,,,,,,,,,
"Benin","BJ","BEN","204","AFR",2022,89,89,0,,,,,,,,,,,,,
"Bhutan","BT","BTN","064","SEA",2014,,,,,1011,,,,,,,,,,,
"Bhutan","BT","BTN","064","SEA",2015,32,32,0,,,,,,,,,,,,,
"Bhutan","BT","BTN","064","SEA",2016,210,210,0,,,,,,,,,,,,,
"Bhutan","BT","BTN","064","SEA",2017,210,210,0,,,,,,,,,,,,,
"Bhutan","BT","BTN","064","SEA",2018,32,0,0,,,,,,,,,,,,,
"Bhutan","BT","BTN","064","SEA",2019,32,0,0,,,,,,,,,,,,,
"Bolivia (Plurinational State of)","BO","BOL","068","AMR",2015,2717,,0,,,,,,,,,,,,,
"Bolivia (Plurinational State of)","BO","BOL","068","AMR",2016,120,,0,,,,,,,,,,,,,
"Bolivia (Plurinational State of)","BO","BOL","068","AMR",2018,110,0,0,,,,,,,,,,,,,
"Bolivia (Plurinational State of)","BO","BOL","068","AMR",2022,,,0,,,,,,,,,,,,,
"Bolivia (Plurinational State of)","BO","BOL","068","AMR",2023,,,0,,,,,,,,1,1,0,0,,
"Bolivia (Plurinational State of)","BO","BOL","068","AMR",2024,,,,,,,,,,,,,,,0,
"Bosnia and Herzegovina","BA","BIH","070","EUR",2014,,,,,,,1,23,23,18,,,,,,
"Bosnia and Herzegovina","BA","BIH","070","EUR",2015,17,17,1,1,11,11,,,,,,,,,,
"Bosnia and Herzegovina","BA","BIH","070","EUR",2016,17,17,0,,,,,,,,,,,,,
"Bosnia and Herzegovina","BA","BIH","070","EUR",2017,17,17,0,,,,,,,,,,,,,
"Bosnia and Herzegovina","BA","BIH","070","EUR",2018,17,17,0,,,,,,,,,,,,,
"Bosnia and Herzegovina","BA","BIH","070","EUR",2019,79,,0,,,,,,,,,,,,,
"Botswana","BW","BWA","072","AFR",2013,,,,,,,27,,5316,3605,,,,,,
"Botswana","BW","BWA","072","AFR",2014,27,,,27,6019,,27,6542,4008,3574,,,,,,
"Botswana","BW","BWA","072","AFR",2015,27,27,1,27,5086,,27,6109,3831,3215,,,,,,
"Botswana","BW","BWA","072","AFR",2016,27,27,1,0,0,0,,,,,,,,,,
"Botswana","BW","BWA","072","AFR",2017,27,27,0,,,,,,,,,,,,,
"Botswana","BW","BWA","072","AFR",2018,27,27,0,,,,27,4718,2052,2040,,,,,,
"Botswana","BW","BWA","072","AFR",2019,27,27,1,0,0,0,,,,,,,,,,
"Botswana","BW","BWA","072","AFR",2020,27,27,0,,,,,,,,,,,,,
"Botswana","BW","BWA","072","AFR",2021,27,27,0,,,,,,,,,,,,,
"Botswana","BW","BWA","072","AFR",2022,27,27,0,,,,,,,,,,,,,
"Botswana","BW","BWA","072","AFR",2023,,,0,,,,,,,,1,1,1,1,,
"Botswana","BW","BWA","072","AFR",2024,,,,,,,,,,,,,,,0,
"Brazil","BR","BRA","076","AMR",2015,,,0,,,,,,,,,,,,,
"Brazil","BR","BRA","076","AMR",2016,,,0,,,,,,,,,,,,,
"Brazil","BR","BRA","076","AMR",2017,,,0,,,,,,,,,,,,,
"Brazil","BR","BRA","076","AMR",2018,,,0,,,,,,,,,,,,,
"Brazil","BR","BRA","076","AMR",2019,,,0,,,,,,,,,,,,,
"Brazil","BR","BRA","076","AMR",2022,5570,,0,,,,,,,,,,,,,
"Brazil","BR","BRA","076","AMR",2023,5570,5570,0,,,,,,,,2,1,0,1,,
"Brazil","BR","BRA","076","AMR",2024,,,,,,,,,,,,,,,1,487469
"Bulgaria","BG","BGR","100","EUR",2013,,,,,,,22,,218,,,,,,,
"Bulgaria","BG","BGR","100","EUR",2014,,,,22,1555,229,22,1872,351,229,,,,,,
"Bulgaria","BG","BGR","100","EUR",2015,30,23,1,20,1566,1566,23,1660,280,190,,,,,,
"Bulgaria","BG","BGR","100","EUR",2016,30,23,1,23,1524,1524,23,,,,,,,,,
"Bulgaria","BG","BGR","100","EUR",2017,30,23,1,23,1408,1408,23,1358,97,97,,,,,,
"Bulgaria","BG","BGR","100","EUR",2018,30,23,1,23,1290,1290,23,1344,45,45,,,,,,
"Bulgaria","BG","BGR","100","EUR",2019,30,23,1,23,1288,1288,23,1344,16,16,,,,,,
"Bulgaria","BG","BGR","100","EUR",2020,30,23,1,23,887,887,,,,,,,,,,
"Bulgaria","BG","BGR","100","EUR",2021,30,11,0,,,,,,,,,,,,,
"Bulgaria","BG","BGR","100","EUR",2022,30,12,0,,,,,,,,,,,,,
"Bulgaria","BG","BGR","100","EUR",2023,30,10,0,,,,,,,,0,1,0,0,,
"Bulgaria","BG","BGR","100","EUR",2024,,,,,,,,,,,,,,,1,31111
"Burkina Faso","BF","BFA","854","AFR",2013,,,,,,,30,,1569,,,,,,,
"Burkina Faso","BF","BFA","854","AFR",2014,86,,,86,5546,299,,,,,,,,,,
"Burkina Faso","BF","BFA","854","AFR",2015,86,30,0,,,,0,0,0,0,,,,,,
"Burkina Faso","BF","BFA","854","AFR",2016,89,86,1,86,5543,79,37,5918,457,176,,,,,,
"Burkina Faso","BF","BFA","854","AFR",2017,90,64,1,64,4044,103,21,554,554,440,,,,,,
"Burkina Faso","BF","BFA","854","AFR",2018,97,27,1,27,1991,278,96,570,570,507,,,,,,
"Burkina Faso","BF","BFA","854","AFR",2019,111,96,1,96,4809,73,102,6166,5546,4120,,,,,,
"Burkina Faso","BF","BFA","854","AFR",2020,111,102,1,102,5934,1812,102,5922,1242,1020,,,,,,
"Burkina Faso","BF","BFA","854","AFR",2021,102,102,1,102,6882,425,110,7024,2216,1664,,,,,,
"Burkina Faso","BF","BFA","854","AFR",2022,110,110,1,110,7320,1430,110,7320,2337,1822,,,,,,
"Burkina Faso","BF","BFA","854","AFR",2023,110,110,1,110,8667,1146,,,,,1,1,1,1,,
"Burkina Faso","BF","BFA","854","AFR",2024,,,,,,,,,,,,,,,0,
"Burundi","BI","BDI","108","AFR",2013,,,,,,,17,,1335,1320,,,,,,
"Burundi","BI","BDI","108","AFR",2014,17,,,17,7309,796,169,7309,796,758,,,,,,
"Burundi","BI","BDI","108","AFR",2015,169,169,1,169,4260,514,170,514,514,508,,,,,,
"Burundi","BI","BDI","108","AFR",2016,170,170,1,170,7567,382,170,382,361,361,,,,,,
"Burundi","BI","BDI","108","AFR",2017,170,170,1,170,7760,382,170,264,264,264,,,,,,
"Burundi","BI","BDI","108","AFR",2018,170,170,1,170,7202,264,170,7202,264,264,,,,,,
"Burundi","BI","BDI","108","AFR",2019,170,170,1,170,6753,419,18,6828,419,419,,,,,,
"Burundi","BI","BDI","108","AFR",2020,18,18,1,18,7105,296,18,7215,296,281,,,,,,
"Burundi","BI","BDI","108","AFR",2021,18,18,1,18,6113,164,18,6874,164,159,,,,,,
"Burundi","BI","BDI","108","AFR",2022,18,18,1,18,7587,274,18,7587,287,269,,,,,,
"Burundi","BI","BDI","108","AFR",2023,18,18,1,18,7948,438,,,,,1,1,1,1,,
"Burundi","BI","BDI","108","AFR",2024,,,,,,,,,,,,,,,1,54515
"Cabo Verde","CV","CPV","132","AFR",2013,,,,,,,0,,0,0,,,,,,
"Cabo Verde","CV","CPV","132","AFR",2014,22,,,0,0,0,,,,,,,,,,
"Cabo Verde","CV","CPV","132","AFR",2015,22,0,0,,,,,,,,,,,,,
"Cabo Verde","CV","CPV","132","AFR",2016,22,0,0,,,,,,,,,,,,,
"Cabo Verde","CV","CPV","132","AFR",2017,22,0,0,,,,,,,,,,,,,
"Cabo Verde","CV","CPV","132","AFR",2018,22,0,0,,,,,,,,,,,,,
"Cabo Verde","CV","CPV","132","AFR",2019,22,0,0,,,,,,,,,,,,,
"Cambodia","KH","KHM","116","WPR",2014,93,,,43,19425,14115,43,20484,16133,,,,,,,
"Cambodia","KH","KHM","116","WPR",2015,91,64,1,62,25523,6634,62,25523,6634,,,,,,,
"Cambodia","KH","KHM","116","WPR",2016,98,62,1,62,24441,6735,,,,,,,,,,
"Cambodia","KH","KHM","116","WPR",2017,100,66,1,66,25780,8702,,,,,,,,,,
"Cambodia","KH","KHM","116","WPR",2018,100,46,1,46,17719,7864,,,,,,,,,,
"Cambodia","KH","KHM","116","WPR",2019,100,46,1,46,20281,9665,,,,,,,,,,
"Cambodia","KH","KHM","116","WPR",2020,103,76,1,76,23531,12989,,,,,,,,,,
"Cambodia","KH","KHM","116","WPR",2021,103,89,1,89,18834,10435,,,,,,,,,,
"Cambodia","KH","KHM","116","WPR",2022,103,89,1,89,28491,15720,,,,,,,,,,
"Cambodia","KH","KHM","116","WPR",2023,103,89,1,89,29104,11703,,,,,1,1,2,1,,
"Cambodia","KH","KHM","116","WPR",2024,,,,,,,,,,,,,,,1,700000
"Cameroon","CM","CMR","120","AFR",2013,,,,,,,0,,0,0,,,,,,
"Cameroon","CM","CMR","120","AFR",2014,242,,,0,0,0,,,,,,,,,,
"Cameroon","CM","CMR","120","AFR",2015,242,,0,,,,,,,,,,,,,
"Cameroon","CM","CMR","120","AFR",2016,248,60,0,,,,,,,,,,,,,
"Cameroon","CM","CMR","120","AFR",2017,253,60,0,,,,,,,,,,,,,
"Cameroon","CM","CMR","120","AFR",2018,254,36,0,,,,20,,6277,463,,,,,,
"Cameroon","CM","CMR","120","AFR",2019,261,20,1,20,4438,748,6,24571,115,110,,,,,,
"Cameroon","CM","CMR","120","AFR",2020,261,45,1,45,376,186,26,376,246,239,,,,,,
"Cameroon","CM","CMR","120","AFR",2021,306,71,1,71,717,441,43,451,451,427,,,,,,
"Cameroon","CM","CMR","120","AFR",2022,327,98,1,98,1308,680,88,1308,982,957,,,,,,
"Cameroon","CM","CMR","120","AFR",2023,347,103,1,103,14977,2447,,,,,1,1,1,1,,
"Cameroon","CM","CMR","120","AFR",2024,,,,,,,,,,,,,,,1,557202
"Central African Republic","CF","CAF","140","AFR",2014,24,,,,,,,,,,,,,,,
"Central African Republic","CF","CAF","140","AFR",2015,80,80,0,,,,,,,,,,,,,
"Central African Republic","CF","CAF","140","AFR",2016,80,80,0,,,,,,,,,,,,,
"Central African Republic","CF","CAF","140","AFR",2017,80,80,0,,,,,,,,,,,,,
"Central African Republic","CF","CAF","140","AFR",2018,80,80,0,,,,,,,,,,,,,
"Central African Republic","CF","CAF","140","AFR",2019,89,25,0,,,,90,12065,,62,,,,,,
"Central African Republic","CF","CAF","140","AFR",2020,90,90,1,90,12610,175,89,13122,372,321,,,,,,
"Central African Republic","CF","CAF","140","AFR",2021,89,89,1,89,13122,372,89,14374,321,297,,,,,,
"Central African Republic","CF","CAF","140","AFR",2022,89,89,1,89,14267,366,3,7051,125,102,,,,,,
"Central African Republic","CF","CAF","140","AFR",2023,35,35,1,35,14782,1358,,,,,1,1,1,1,,
"Central African Republic","CF","CAF","140","AFR",2024,,,,,,,,,,,,,,,1,200000
"Chad","TD","TCD","148","AFR",2013,,,,,,,0,,0,0,,,,,,
"Chad","TD","TCD","148","AFR",2014,0,,,0,0,0,,,,,,,,,,
"Chad","TD","TCD","148","AFR",2015,76,0,0,,,,,,,,,,,,,
"Chad","TD","TCD","148","AFR",2016,76,3,0,,,,,,,,,,,,,
"Chad","TD","TCD","148","AFR",2017,78,17,0,,,,0,0,0,0,,,,,,
"Chad","TD","TCD","148","AFR",2018,12,12,1,12,0,0,,,,,,,,,,
"Chad","TD","TCD","148","AFR",2019,100,0,0,,,,,,,,,,,,,
"Chile","CL","CHL","152","AMR",2023,29,0,0,,,,,,,,0,0,0,0,,
"Chile","CL","CHL","152","AMR",2024,,,,,,,,,,,,,,,0,
"China","CN","CHN","156","WPR",2023,,,0,,,,,,,,1,1,2,2,,
"China","CN","CHN","156","WPR",2024,,,,,,,,,,,,,,,0,
"Colombia","CO","COL","170","AMR",2015,36,19,1,18,4863,59,12,,162,92,,,,,,
"Colombia","CO","COL","170","AMR",2016,37,15,1,14,9024,43,8,343,13,12,,,,,,
"Colombia","CO","COL","170","AMR",2017,37,8,1,8,1500,121,,,,,,,,,,
"Colombia","CO","COL","170","AMR",2018,37,37,0,,,,0,0,0,0,,,,,,
"Colombia","CO","COL","170","AMR",2019,38,18,1,18,14292,140,18,0,0,0,,,,,,
"Colombia","CO","COL","170","AMR",2020,38,19,1,19,38,38,30,104,104,86,,,,,,
"Colombia","CO","COL","170","AMR",2021,38,30,1,30,30,30,2,299,299,178,,,,,,
"Colombia","CO","COL","170","AMR",2022,38,38,1,38,317,317,35,317,317,205,,,,,,
"Colombia","CO","COL","170","AMR",2023,38,38,1,38,355,355,,,,,1,1,0,1,,
"Colombia","CO","COL","170","AMR",2024,,,,,,,,,,,,,,,1,250000
"Congo","CG","COG","178","AFR",2015,2,2,0,,,,1,0,0,0,,,,,,
"Congo","CG","COG","178","AFR",2016,1,1,1,1,157,135,1,740,740,688,,,,,,
"Congo","CG","COG","178","AFR",2017,2,1,1,1,1002,1002,,,,,,,,,,
"Congo","CG","COG","178","AFR",2018,2,2,0,,,,2,,,,,,,,,
"Congo","CG","COG","178","AFR",2019,41,2,1,2,11802,2219,2,0,0,0,,,,,,
"Congo","CG","COG","178","AFR",2020,38,2,1,2,11175,2219,,,,,,,,,,
"Congo","CG","COG","178","AFR",2021,30,2,1,2,11979,,0,0,0,0,,,,,,
"Congo","CG","COG","178","AFR",2022,45,2,1,2,13511,135,14,13855,395,319,,,,,,
"Congo","CG","COG","178","AFR",2023,103,14,1,14,208,208,,,,,1,1,0,1,,
"Congo","CG","COG","178","AFR",2024,,,,,,,,,,,,,,,0,
"Costa Rica","CR","CRI","188","AMR",2023,104,0,0,,,,,,,,1,0,0,0,,
"Costa Rica","CR","CRI","188","AMR",2024,,,,,,,,,,,,,,,0,
"Côte d'Ivoire","CI","CIV","384","AFR",2013,,,,,,,134,,7785,6115,,,,,,
"Côte d'Ivoire","CI","CIV","384","AFR",2014,184,,,151,22622,8165,17,22622,11858,9480,,,,,,
"Côte d'Ivoire","CI","CIV","384","AFR",2015,17,17,1,17,21196,2342,245,22879,5178,4194,,,,,,
"Côte d'Ivoire","CI","CIV","384","AFR",2016,245,245,1,245,21357,2668,245,21357,10757,8752,,,,,,
"Côte d'Ivoire","CI","CIV","384","AFR",2017,269,269,1,269,20939,4894,307,21307,16951,14272,,,,,,
"Côte d'Ivoire","CI","CIV","384","AFR",2018,307,307,1,307,21034,4974,267,21034,18104,15624,,,,,,
"Côte d'Ivoire","CI","CIV","384","AFR",2019,336,320,1,320,21207,6193,320,18121,18109,15876,,,,,,
"Côte d'Ivoire","CI","CIV","384","AFR",2020,358,320,1,312,19717,5268,330,19717,16418,13973,,,,,,
"Côte d'Ivoire","CI","CIV","384","AFR",2021,360,330,1,322,20729,6788,363,20729,18270,15669,,,,,,
"Côte d'Ivoire","CI","CIV","384","AFR",2022,363,363,1,363,21829,7858,368,22190,19503,16854,,,,,,
"Côte d'Ivoire","CI","CIV","384","AFR",2023,368,368,1,368,21848,8577,,,,,2,2,1,1,,
"Côte d'Ivoire","CI","CIV","384","AFR",2024,,,,,,,,,,,,,,,0,
"Cuba","CU","CUB","192","AMR",2023,168,168,0,,,,,,,,1,1,1,1,,
"Cuba","CU","CUB","192","AMR",2024,,,,,,,,,,,,,,,0,
"Democratic People's Republic of Korea","KP","PRK","408","SEA",2023,,,0,,,,,,,,0,3,0,0,,
"Democratic People's Republic of Korea","KP","PRK","408","SEA",2024,,,,,,,,,,,,,,,0,
"Democratic Republic of the Congo","CD","COD","180","AFR",2013,,,,,,,95,,7202,6270,,,,,,
"Democratic Republic of the Congo","CD","COD","180","AFR",2014,516,,,95,22346,12649,232,3024,1061,867,,,,,,
"Democratic Republic of the Congo","CD","COD","180","AFR",2015,516,234,1,228,5629,5629,302,12410,8468,7452,,,,,,
"Democratic Republic of the Congo","CD","COD","180","AFR",2016,517,302,1,302,28841,24810,261,9326,8949,8054,,,,,,
"Democratic Republic of the Congo","CD","COD","180","AFR",2017,517,381,1,381,25002,12509,517,91368,20367,12516,,,,,,
"Democratic Republic of the Congo","CD","COD","180","AFR",2018,517,517,1,517,171682,39456,381,42994,39976,30129,,,,,,
"Democratic Republic of the Congo","CD","COD","180","AFR",2019,517,389,1,389,150807,86411,399,50566,45002,41756,,,,,,
"Democratic Republic of the Congo","CD","COD","180","AFR",2020,517,399,1,399,156056,93634,399,98634,55380,53873,,,,,,
"Democratic Republic of the Congo","CD","COD","180","AFR",2021,519,410,1,410,176632,68468,410,68468,64892,61111,,,,,,
"Democratic Republic of the Congo","CD","COD","180","AFR",2022,519,441,1,441,221419,81154,500,73797,72378,71988,,,,,,
"Democratic Republic of the Congo","CD","COD","180","AFR",2023,519,500,1,500,252183,93120,,,,,1,1,1,1,,
"Democratic Republic of the Congo","CD","COD","180","AFR",2024,,,,,,,,,,,,,,,1,1186967
"Dominican Republic","DO","DOM","214","AMR",2014,,,,,,,0,0,0,0,,,,,,
"Dominican Republic","DO","DOM","214","AMR",2015,1609,199,1,22,25,0,0,0,0,0,,,,,,
"Dominican Republic","DO","DOM","214","AMR",2016,1620,199,1,0,0,0,,,,,,,,,,
"Dominican Republic","DO","DOM","214","AMR",2017,1689,199,1,,,,,,,,,,,,,
"Dominican Republic","DO","DOM","214","AMR",2018,1689,199,0,,,,,,,,,,,,,
"Dominican Republic","DO","DOM","214","AMR",2019,1700,200,0,,,,,,,,,,,,,
"Dominican Republic","DO","DOM","214","AMR",2020,1670,1670,1,144,1205,,295,813,813,648,,,,,,
"Dominican Republic","DO","DOM","214","AMR",2021,1670,1670,1,,,,308,858,858,642,,,,,,
"Dominican Republic","DO","DOM","214","AMR",2022,1600,549,1,549,546,,337,1019,1019,761,,,,,,
"Dominican Republic","DO","DOM","214","AMR",2023,1600,435,1,4,1022,1022,,,,,1,1,1,1,,
"Dominican Republic","DO","DOM","214","AMR",2024,,,,,,,,,,,,,,,1,34000
"Ecuador","EC","ECU","218","AMR",2015,1884,447,0,,,,,,,,,,,,,
"Ecuador","EC","ECU","218","AMR",2016,2166,122,0,,,,,,,,,,,,,
"Ecuador","EC","ECU","218","AMR",2017,2166,122,0,,,,,,,,,,,,,
"Ecuador","EC","ECU","218","AMR",2018,2166,122,0,,,,,,,,,,,,,
"Ecuador","EC","ECU","218","AMR",2019,2094,2094,0,,,,,,,,,,,,,
"Ecuador","EC","ECU","218","AMR",2020,2094,,0,,,,,,,,,,,,,
"Ecuador","EC","ECU","218","AMR",2021,2094,2094,0,,,,,,,,,,,,,
"Ecuador","EC","ECU","218","AMR",2022,2094,2094,0,,,,,,,,,,,,,
"Ecuador","EC","ECU","218","AMR",2023,1962,,0,,,,,,,,0,0,0,0,,
"Ecuador","EC","ECU","218","AMR",2024,,,,,,,,,,,,,,,0,
"Egypt","EG","EGY","818","EMR",2015,162,0,0,,,,,,,,,,,,,
"Egypt","EG","EGY","818","EMR",2016,162,0,0,,,,,,,,,,,,,
"Egypt","EG","EGY","818","EMR",2017,162,0,0,,,,,,,,,,,,,
"Egypt","EG","EGY","818","EMR",2018,162,0,0,,,,,,,,,,,,,
"Egypt","EG","EGY","818","EMR",2019,162,0,0,,,,,,,,,,,,,
"El Salvador","SV","SLV","222","AMR",2014,,,,,,,17,2192,420,261,,,,,,
"El Salvador","SV","SLV","222","AMR",2015,17,17,1,17,2452,380,17,2452,380,230,,,,,,
"El Salvador","SV","SLV","222","AMR",2016,17,17,1,17,3032,460,17,3032,460,360,,,,,,
"El Salvador","SV","SLV","222","AMR",2017,17,17,1,17,3671,117,17,3671,454,300,,,,,,
"El Salvador","SV","SLV","222","AMR",2018,17,17,1,17,3615,75,17,3182,282,166,,,,,,
"El Salvador","SV","SLV","222","AMR",2019,17,17,1,17,2525,57,17,3025,187,144,,,,,,
"El Salvador","SV","SLV","222","AMR",2020,17,17,1,17,2042,33,17,2042,187,115,,,,,,
"El Salvador","SV","SLV","222","AMR",2021,17,17,1,17,1936,34,17,1936,,234,,,,,,
"El Salvador","SV","SLV","222","AMR",2022,17,17,1,17,2517,62,17,2517,,351,,,,,,
"El Salvador","SV","SLV","222","AMR",2023,17,17,1,17,4265,178,,,,,1,1,0,0,,
"El Salvador","SV","SLV","222","AMR",2024,,,,,,,,,,,,,,,0,
"Eritrea","ER","ERI","232","AFR",2013,,,,,,,69,,,,,,,,,
"Eritrea","ER","ERI","232","AFR",2014,69,,,69,2391,102,60,2425,519,515,,,,,,
"Eritrea","ER","ERI","232","AFR",2015,60,60,1,60,2060,989,73,2095,524,,,,,,,
"Eritrea","ER","ERI","232","AFR",2016,73,73,1,73,2215,1498,73,2246,538,,,,,,,
"Eritrea","ER","ERI","232","AFR",2017,73,73,1,73,2081,78,74,2081,538,,,,,,,
"Eritrea","ER","ERI","232","AFR",2018,75,75,1,75,1872,90,73,1892,569,,,,,,,
"Eritrea","ER","ERI","232","AFR",2019,73,73,1,73,1828,51,76,1842,329,314,,,,,,
"Eritrea","ER","ERI","232","AFR",2020,76,76,1,76,1842,91,76,1626,267,254,,,,,,
"Eritrea","ER","ERI","232","AFR",2021,76,76,1,76,1603,331,76,1963,212,191,,,,,,
"Eritrea","ER","ERI","232","AFR",2022,76,76,1,76,1963,45,80,1984,217,207,,,,,,
"Eritrea","ER","ERI","232","AFR",2023,80,80,1,80,2220,56,,,,,0,0,0,0,,
"Eritrea","ER","ERI","232","AFR",2024,,,,,,,,,,,,,,,0,
"Estonia","EE","EST","233","EUR",2023,,,0,,,,,,,,2,0,1,1,,
"Estonia","EE","EST","233","EUR",2024,,,,,,,,,,,,,,,0,
"Eswatini","SZ","SWZ","748","AFR",2014,87,,,,,,94,5582,3804,,,,,,,
"Eswatini","SZ","SWZ","748","AFR",2015,104,104,1,104,4567,,109,4567,4567,3498,,,,,,
"Eswatini","SZ","SWZ","748","AFR",2016,111,111,1,111,3806,108,111,3806,3806,3159,,,,,,
"Eswatini","SZ","SWZ","748","AFR",2017,125,125,1,125,3164,836,125,3544,3544,3043,,,,,,
"Eswatini","SZ","SWZ","748","AFR",2018,130,130,1,130,3151,285,130,3073,3073,2688,,,,,,
"Eswatini","SZ","SWZ","748","AFR",2019,133,133,1,133,2900,361,130,2900,2552,2467,,,,,,
"Eswatini","SZ","SWZ","748","AFR",2020,133,130,1,130,2143,256,,,,,,,,,,
"Eswatini","SZ","SWZ","748","AFR",2021,136,136,0,,,,14,144,144,0,,,,,,
"Eswatini","SZ","SWZ","748","AFR",2022,149,149,1,100,866,866,151,2475,2475,2289,,,,,,
"Eswatini","SZ","SWZ","748","AFR",2023,151,151,1,151,2297,806,,,,,1,1,0,1,,
"Eswatini","SZ","SWZ","748","AFR",2024,,,,,,,,,,,,,,,1,558522
"Ethiopia","ET","ETH","231","AFR",2013,,,,,,,760,,11314,,,,,,,
"Ethiopia","ET","ETH","231","AFR",2014,957,,,364,37772,14399,722,68562,18103,,,,,,,
"Ethiopia","ET","ETH","231","AFR",2015,961,961,1,722,98392,56267,890,74607,21600,18644,,,,,,
"Ethiopia","ET","ETH","231","AFR",2016,912,890,1,890,125836,43055,758,116725,21449,19864,,,,,,
"Ethiopia","ET","ETH","231","AFR",2017,912,912,1,912,116725,21020,785,116725,12915,,,,,,,
"Ethiopia","ET","ETH","231","AFR",2018,912,912,1,813,114233,15808,890,114233,24154,21519,,,,,,
"Ethiopia","ET","ETH","231","AFR",2019,950,950,1,890,107230,17146,950,108193,18998,17470,,,,,,
"Ethiopia","ET","ETH","231","AFR",2020,950,950,1,,108193,16581,950,104854,,16278,,,,,,
"Ethiopia","ET","ETH","231","AFR",2021,950,950,1,,104854,20009,950,115417,,16335,,,,,,
"Ethiopia","ET","ETH","231","AFR",2022,950,950,1,,115417,21702,576,12055,12055,10734,,,,,,
"Ethiopia","ET","ETH","231","AFR",2023,1057,1057,1,1057,134873,24763,,,,,1,1,1,1,,
"Ethiopia","ET","ETH","231","AFR",2024,,,,,,,,,,,,,,,1,1837710
"Fiji","FJ","FJI","242","WPR",2014,,,,,,,3,315,15,14,,,,,,
"Fiji","FJ","FJI","242","WPR",2015,3,3,1,3,363,7,3,341,,,,,,,,
"Fiji","FJ","FJI","242","WPR",2016,3,3,1,3,312,12,3,136,86,84,,,,,,
"Fiji","FJ","FJI","242","WPR",2017,3,3,1,3,357,14,,,,,,,,,,
"Fiji","FJ","FJI","242","WPR",2018,3,0,0,,,,,,,,,,,,,
"Fiji","FJ","FJI","242","WPR",2019,3,0,0,,,,,,,,,,,,,
"Gabon","GA","GAB","266","AFR",2013,,,,,,,0,,0,0,,,,,,
"Gabon","GA","GAB","266","AFR",2014,0,,,0,0,0,,,,,,,,,,
"Gabon","GA","GAB","266","AFR",2015,0,0,0,,,,,,,,,,,,,
"Gabon","GA","GAB","266","AFR",2016,0,0,0,,,,3,0,0,0,,,,,,
"Gabon","GA","GAB","266","AFR",2017,14,3,1,3,203,203,,,,,,,,,,
"Gabon","GA","GAB","266","AFR",2018,1,1,0,,,,12,0,0,0,,,,,,
"Gabon","GA","GAB","266","AFR",2019,18,14,1,12,5035,113,,,,,,,,,,
"Gabon","GA","GAB","266","AFR",2020,22,8,0,,,,,,,,,,,,,
"Gabon","GA","GAB","266","AFR",2021,25,6,0,,,,,,,,,,,,,
"Gabon","GA","GAB","266","AFR",2022,35,6,0,,,,,,,,,,,,,
"Gabon","GA","GAB","266","AFR",2023,49,10,0,,,,,,,,1,0,0,0,,
"Gabon","GA","GAB","266","AFR",2024,,,,,,,,,,,,,,,0,
"Gambia","GM","GMB","270","AFR",2014,38,,,,,,,,,,,,,,,
"Gambia","GM","GMB","270","AFR",2015,40,0,0,,,,,,,,,,,,,
"Gambia","GM","GMB","270","AFR",2016,40,30,0,,,,,,,,,,,,,
"Gambia","GM","GMB","270","AFR",2017,45,45,0,,,,,,,,,,,,,
"Gambia","GM","GMB","270","AFR",2018,45,35,0,,,,,,,,,,,,,
"Gambia","GM","GMB","270","AFR",2019,45,35,0,,,,,,,,,,,,,
"Gambia","GM","GMB","270","AFR",2020,45,44,0,,,,0,0,0,0,,,,,,
"Gambia","GM","GMB","270","AFR",2021,45,44,1,0,0,0,,,,,,,,,,
"Gambia","GM","GMB","270","AFR",2022,50,50,0,,,,,,,,,,,,,
"Gambia","GM","GMB","270","AFR",2023,50,50,0,,,,,,,,1,1,0,1,,
"Gambia","GM","GMB","270","AFR",2024,,,,,,,,,,,,,,,1,
"Georgia","GE","GEO","268","EUR",2013,,,,,,,1,,29,26,,,,,,
"Georgia","GE","GEO","268","EUR",2014,77,,,3,34,28,4,64,31,29,,,,,,
"Georgia","GE","GEO","268","EUR",2015,77,6,1,6,143,32,,,,,,,,,,
"Georgia","GE","GEO","268","EUR",2016,71,5,0,,,,,,,,,,,,,
"Georgia","GE","GEO","268","EUR",2017,68,5,0,,,,,,,,,,,,,
"Georgia","GE","GEO","268","EUR",2018,68,5,0,,,,,,,,,,,,,
"Georgia","GE","GEO","268","EUR",2019,65,10,0,,,,,,,,,,,,,
"Georgia","GE","GEO","268","EUR",2020,65,0,0,,,,,,,,,,,,,
"Georgia","GE","GEO","268","EUR",2021,65,5,0,,,,,,,,,,,,,
"Georgia","GE","GEO","268","EUR",2022,65,0,0,,,,,,,,,,,,,
"Georgia","GE","GEO","268","EUR",2023,65,0,0,,,,,,,,1,1,2,1,,
"Georgia","GE","GEO","268","EUR",2024,,,,,,,,,,,,,,,1,62261
"Ghana","GH","GHA","288","AFR",2013,,,,,,,216,,11392,,,,,,,
"Ghana","GH","GHA","288","AFR",2014,216,,,49,1985,326,216,15276,11457,9750,,,,,,
"Ghana","GH","GHA","288","AFR",2015,216,216,1,46,848,506,216,14999,9750,8287,,,,,,
"Ghana","GH","GHA","288","AFR",2016,216,216,1,46,3120,1242,216,14675,6603,5613,,,,,,
"Ghana","GH","GHA","288","AFR",2017,216,216,1,20,1256,703,216,8730,8730,7682,,,,,,
"Ghana","GH","GHA","288","AFR",2018,216,216,1,216,13974,4287,216,14289,14289,12009,,,,,,
"Ghana","GH","GHA","288","AFR",2019,260,260,1,260,14691,1603,260,9843,9843,8170,,,,,,
"Ghana","GH","GHA","288","AFR",2020,260,260,1,260,14674,2611,260,14674,14674,10861,,,,,,
"Ghana","GH","GHA","288","AFR",2021,260,260,1,260,3063,3063,261,13550,13550,11590,,,,,,
"Ghana","GH","GHA","288","AFR",2022,261,261,1,261,16510,4886,261,3096,3096,2694,,,,,,
"Ghana","GH","GHA","288","AFR",2023,261,261,1,261,7719,4771,,,,,1,1,1,1,,
"Ghana","GH","GHA","288","AFR",2024,,,,,,,,,,,,,,,1,2345000
"Guatemala","GT","GTM","320","AMR",2015,338,338,0,,,,,,,,,,,,,
"Guatemala","GT","GTM","320","AMR",2016,338,338,0,,,,,,,,,,,,,
"Guatemala","GT","GTM","320","AMR",2017,338,270,0,,,,,,,,,,,,,
"Guatemala","GT","GTM","320","AMR",2018,338,270,0,,,,,,,,,,,,,
"Guatemala","GT","GTM","320","AMR",2019,338,270,0,,,,,,,,,,,,,
"Guatemala","GT","GTM","320","AMR",2020,338,270,0,,,,,,,,,,,,,
"Guatemala","GT","GTM","320","AMR",2021,345,270,0,,,,0,0,0,0,,,,,,
"Guatemala","GT","GTM","320","AMR",2022,345,270,1,1,2,2,,,,,,,,,,
"Guatemala","GT","GTM","320","AMR",2023,377,377,0,,,,,,,,1,0,0,0,,
"Guatemala","GT","GTM","320","AMR",2024,,,,,,,,,,,,,,,0,
"Guinea","GN","GIN","324","AFR",2013,,,,,,,55,,1307,1046,,,,,,
"Guinea","GN","GIN","324","AFR",2014,465,,,55,11734,1307,11,1347,1307,1207,,,,,,
"Guinea","GN","GIN","324","AFR",2015,55,11,1,11,1347,67,14,4546,436,388,,,,,,
"Guinea","GN","GIN","324","AFR",2016,55,14,1,14,4546,1045,14,4548,436,388,,,,,,
"Guinea","GN","GIN","324","AFR",2017,28,28,1,22,4783,649,29,4783,646,508,,,,,,
"Guinea","GN","GIN","324","AFR",2018,29,29,1,29,5484,1086,68,5064,712,608,,,,,,
"Guinea","GN","GIN","324","AFR",2019,68,68,1,68,16390,4299,68,5064,1166,1131,,,,,,
"Guinea","GN","GIN","324","AFR",2020,88,88,1,68,9215,650,68,5064,1166,1131,,,,,,
"Guinea","GN","GIN","324","AFR",2021,92,92,1,84,17236,1489,101,1428,1428,,,,,,,
"Guinea","GN","GIN","324","AFR",2022,101,101,1,101,19652,3706,78,11521,1166,1131,,,,,,
"Guinea","GN","GIN","324","AFR",2023,107,107,1,107,19763,3105,,,,,1,1,1,1,,
"Guinea","GN","GIN","324","AFR",2024,,,,,,,,,,,,,,,0,
"Guinea-Bissau","GW","GNB","624","AFR",2014,20,,,,,,,,,,,,,,,
"Guinea-Bissau","GW","GNB","624","AFR",2015,132,132,0,,,,20,2141,320,,,,,,,
"Guinea-Bissau","GW","GNB","624","AFR",2016,20,20,1,,,,20,2141,320,,,,,,,
"Guinea-Bissau","GW","GNB","624","AFR",2017,20,20,1,,,,,,,,,,,,,
"Guinea-Bissau","GW","GNB","624","AFR",2018,20,20,0,,,,,,,,,,,,,
"Guinea-Bissau","GW","GNB","624","AFR",2019,134,0,0,,,,,,,,,,,,,
"Guinea-Bissau","GW","GNB","624","AFR",2023,133,0,0,,,,,,,,1,1,1,1,,
"Guinea-Bissau","GW","GNB","624","AFR",2024,,,,,,,,,,,,,,,0,
"Guyana","GY","GUY","328","AMR",2015,18,18,1,18,571,137,18,647,96,,,,,,,
"Guyana","GY","GUY","328","AMR",2016,24,18,1,18,567,113,19,331,102,,,,,,,
"Guyana","GY","GUY","328","AMR",2017,25,19,1,19,525,331,19,331,199,,,,,,,
"Guyana","GY","GUY","328","AMR",2018,25,19,1,19,508,289,18,244,97,,,,,,,
"Guyana","GY","GUY","328","AMR",2019,25,19,1,19,490,181,19,359,58,32,,,,,,
"Guyana","GY","GUY","328","AMR",2020,25,19,1,19,359,79,,,,,,,,,,
"Guyana","GY","GUY","328","AMR",2021,26,19,0,,,,,,,,,,,,,
"Guyana","GY","GUY","328","AMR",2022,26,20,0,,,,,,,,,,,,,
"Guyana","GY","GUY","328","AMR",2023,22,6,0,,,,,,,,2,2,1,2,,
"Guyana","GY","GUY","328","AMR",2024,,,,,,,,,,,,,,,1,200000
"Haiti","HT","HTI","332","AMR",2015,253,0,0,,,,,,,,,,,,,
"Haiti","HT","HTI","332","AMR",2016,261,,0,,,,15,2524,2524,2056,,,,,,
"Haiti","HT","HTI","332","AMR",2017,273,15,1,15,2708,2708,15,2708,2708,2615,,,,,,
"Haiti","HT","HTI","332","AMR",2018,15,15,1,15,3508,3508,15,521,30,,,,,,,
"Haiti","HT","HTI","332","AMR",2019,15,15,1,15,525,525,3,521,38,26,,,,,,
"Haiti","HT","HTI","332","AMR",2020,10,10,1,10,360,360,3,521,38,26,,,,,,
"Haiti","HT","HTI","332","AMR",2021,10,10,1,10,293,293,,,,,,,,,,
"Haiti","HT","HTI","332","AMR",2022,15,15,0,,,,,,,,,,,,,
"Haiti","HT","HTI","332","AMR",2023,15,14,0,,,,,,,,0,0,0,2,,
"Haiti","HT","HTI","332","AMR",2024,,,,,,,,,,,,,,,0,
"Honduras","HN","HND","340","AMR",2015,1723,1713,1,,,,40,2919,30,30,,,,,,
"Honduras","HN","HND","340","AMR",2016,1723,40,1,40,2896,1,40,2896,1,1,,,,,,
"Honduras","HN","HND","340","AMR",2017,1644,385,1,385,2813,385,50,2813,0,0,,,,,,
"Honduras","HN","HND","340","AMR",2018,,400,1,400,2866,50,50,2866,2519,2519,,,,,,
"Honduras","HN","HND","340","AMR",2019,1760,617,1,331,2449,55,50,2449,979,979,,,,,,
"Honduras","HN","HND","340","AMR",2020,1760,617,1,331,1847,55,50,1861,50,40,,,,,,
"Honduras","HN","HND","340","AMR",2021,1516,596,1,226,1076,130,900,625,625,625,,,,,,
"Honduras","HN","HND","340","AMR",2022,1808,1000,1,1000,2329,625,0,0,0,0,,,,,,
"Honduras","HN","HND","340","AMR",2023,20,20,1,20,2616,0,,,,,2,1,2,1,,
"Honduras","HN","HND","340","AMR",2024,,,,,,,,,,,,,,,0,
"India","IN","IND","356","SEA",2013,,,,,,,3394,,736069,655101,,,,,,
"India","IN","IND","356","SEA",2014,3394,,,1200,565704,19713,4888,1269368,792964,602652,,,,,,
"India","IN","IND","356","SEA",2015,4888,4888,1,1200,582678,18739,5581,1983615,803446,629584,,,,,,
"India","IN","IND","356","SEA",2016,5581,5581,1,1200,687911,22013,5581,1983615,789349,615692,,,,,,
"India","IN","IND","356","SEA",2017,6819,6819,1,1256,625499,36129,6018,1908371,759532,592435,,,,,,
"India","IN","IND","356","SEA",2018,6113,6113,1,1265,625476,37625,6205,2158892,859239,701998,,,,,,
"India","IN","IND","356","SEA",2019,6532,6532,1,1372,648697,42165,6093,2296068,918427,753110,,,,,,
"India","IN","IND","356","SEA",2020,6262,6262,1,2379,661247,47046,6135,1730556,692222,574545,,,,,,
"India","IN","IND","356","SEA",2021,6478,6478,1,3794,1266895,66395,4721,186318,186318,168818,,,,,,
"India","IN","IND","356","SEA",2022,8301,8301,1,5818,2254247,539649,6255,2378901,1349964,1245230,,,,,,
"India","IN","IND","356","SEA",2023,8684,8684,1,5248,2191191,76465,,,,,1,1,1,1,,
"India","IN","IND","356","SEA",2024,,,,,,,,,,,,,,,1,7740000
"Indonesia","ID","IDN","360","WPR",2013,,,,,,,27,,4218,3836,,,,,,
"Indonesia","ID","IDN","360","WPR",2014,511,,,47,80290,8707,47,80290,7125,6169,,,,,,
"Indonesia","ID","IDN","360","WPR",2015,514,47,1,47,91476,57217,46,94201,10046,8694,,,,,,
"Indonesia","ID","IDN","360","WPR",2016,514,100,1,100,177414,18702,103,184578,19443,16809,,,,,,
"Indonesia","ID","IDN","360","WPR",2017,514,159,1,159,278268,43818,159,278268,30295,24058,,,,,,
"Indonesia","ID","IDN","360","WPR",2018,514,191,1,191,341827,29055,211,441386,29172,24204,,,,,,
"Indonesia","ID","IDN","360","WPR",2019,514,211,1,211,428503,47250,191,422135,50260,39039,,,,,,
"Indonesia","ID","IDN","360","WPR",2020,514,191,1,191,287676,38998,190,288615,43612,24356,,,,,,
"Indonesia","ID","IDN","360","WPR",2021,514,284,1,284,371133,44777,190,302116,44606,33893,,,,,,
"Indonesia","ID","IDN","360","WPR",2022,514,297,1,297,620683,88304,190,494087,82800,65245,,,,,,
"Indonesia","ID","IDN","360","WPR",2023,514,266,1,266,684071,148445,,,,,1,1,1,1,,
"Indonesia","ID","IDN","360","WPR",2024,,,,,,,,,,,,,,,1,4216181
"Iran (Islamic Republic of)","IR","IRN","364","EMR",2014,,,,,,,436,10462,0,0,,,,,,
"Iran (Islamic Republic of)","IR","IRN","364","EMR",2015,436,436,1,436,10215,122,436,10173,185,157,,,,,,
"Iran (Islamic Republic of)","IR","IRN","364","EMR",2016,436,436,1,436,9252,341,436,9205,64,54,,,,,,
"Iran (Islamic Republic of)","IR","IRN","364","EMR",2017,436,436,1,436,9051,15,,,,,,,,,,
"Iran (Islamic Republic of)","IR","IRN","364","EMR",2018,450,450,0,,,,,,,,,,,,,
"Iran (Islamic Republic of)","IR","IRN","364","EMR",2019,450,450,0,,,,,,,,,,,,,
"Iran (Islamic Republic of)","IR","IRN","364","EMR",2020,450,450,0,,,,,,,,,,,,,
"Iran (Islamic Republic of)","IR","IRN","364","EMR",2021,466,466,0,,,,,,,,,,,,,
"Iraq","IQ","IRQ","368","EMR",2015,114,0,0,,,,,,,,,,,,,
"Iraq","IQ","IRQ","368","EMR",2016,114,114,0,,,,,,,,,,,,,
"Iraq","IQ","IRQ","368","EMR",2017,114,114,0,,,,,,,,,,,,,
"Iraq","IQ","IRQ","368","EMR",2018,120,120,1,24,1001,50,,,,,,,,,,
"Iraq","IQ","IRQ","368","EMR",2019,130,0,0,,,,,,,,,,,,,
"Jamaica","JM","JAM","388","AMR",2023,13,13,1,13,83,83,,,,,1,1,1,1,,
"Jamaica","JM","JAM","388","AMR",2024,,,,,,,,,,,,,,,0,
"Jordan","JO","JOR","400","EMR",2014,,,,,,,13,379,68,64,,,,,,
"Jordan","JO","JOR","400","EMR",2015,13,13,1,13,424,54,13,310,71,71,,,,,,
"Jordan","JO","JOR","400","EMR",2016,13,13,,13,472,71,13,424,54,50,,,,,,
"Jordan","JO","JOR","400","EMR",2017,13,13,1,13,359,5,13,326,55,47,,,,,,
"Jordan","JO","JOR","400","EMR",2018,13,13,1,13,424,54,13,404,362,162,,,,,,
"Jordan","JO","JOR","400","EMR",2019,13,13,1,13,454,45,13,454,454,286,,,,,,
"Jordan","JO","JOR","400","EMR",2020,13,13,1,13,250,23,13,219,107,88,,,,,,
"Jordan","JO","JOR","400","EMR",2021,13,13,1,13,219,71,,,,,,,,,,
"Kazakhstan","KZ","KAZ","398","EUR",2015,96,0,0,,,,,,,,,,,,,
"Kazakhstan","KZ","KAZ","398","EUR",2016,29,0,0,,,,,,,,,,,,,
"Kazakhstan","KZ","KAZ","398","EUR",2017,27,,,,,,,,,,,,,,,
"Kazakhstan","KZ","KAZ","398","EUR",2018,19,,1,7,249,249,8,4692,2737,,,,,,,
"Kazakhstan","KZ","KAZ","398","EUR",2019,19,11,1,8,5017,294,19,,,,,,,,,
"Kazakhstan","KZ","KAZ","398","EUR",2020,19,19,1,19,,335,18,,2138,,,,,,,
"Kazakhstan","KZ","KAZ","398","EUR",2021,19,,1,18,7430,762,18,,2415,,,,,,,
"Kazakhstan","KZ","KAZ","398","EUR",2022,18,18,1,18,10009,648,18,,1356,,,,,,,
"Kazakhstan","KZ","KAZ","398","EUR",2023,20,18,1,18,5350,428,,,,,1,1,1,1,,
"Kazakhstan","KZ","KAZ","398","EUR",2024,,,,,,,,,,,,,,,1,608988
"Kenya","KE","KEN","404","AFR",2013,,,,,,,3046,,78813,67565,,,,,,
"Kenya","KE","KEN","404","AFR",2014,3320,,,798,39261,3535,3443,87508,78589,68554,,,,,,
"Kenya","KE","KEN","404","AFR",2015,3510,3510,1,3229,74426,4368,293,81567,74183,64707,,,,,,
"Kenya","KE","KEN","404","AFR",2016,293,293,1,257,67480,4624,293,77376,74605,63359,,,,,,
"Kenya","KE","KEN","404","AFR",2017,293,293,1,269,83599,6952,289,84999,981,821,,,,,,
"Kenya","KE","KEN","404","AFR",2018,289,289,1,289,96487,9427,289,94582,4569,3660,,,,,,
"Kenya","KE","KEN","404","AFR",2019,289,289,1,289,86385,8617,290,85831,683,560,,,,,,
"Kenya","KE","KEN","404","AFR",2020,290,290,1,290,72951,8978,290,72659,467,389,,,,,,
"Kenya","KE","KEN","404","AFR",2021,290,290,1,290,77854,9167,300,77375,403,341,,,,,,
"Kenya","KE","KEN","404","AFR",2022,300,300,1,300,88663,10258,301,90388,517,431,,,,,,
"Kenya","KE","KEN","404","AFR",2023,301,301,1,301,94612,6763,,,,,1,1,1,1,,
"Kenya","KE","KEN","404","AFR",2024,,,,,,,,,,,,,,,1,6163906
"Kiribati","KI","KIR","296","WPR",2013,,,,,,,0,,0,0,,,,,,
"Kiribati","KI","KIR","296","WPR",2014,2,,,0,0,0,,,,,,,,,,
"Kiribati","KI","KIR","296","WPR",2015,1,1,0,,,,,,,,,,,,,
"Kiribati","KI","KIR","296","WPR",2016,1,1,0,,,,,,,,,,,,,
"Kiribati","KI","KIR","296","WPR",2017,1,1,0,,,,1,394,394,351,,,,,,
"Kiribati","KI","KIR","296","WPR",2018,1,1,1,1,323,73,1,323,323,298,,,,,,
"Kiribati","KI","KIR","296","WPR",2019,1,1,1,1,410,,1,410,410,378,,,,,,
"Kiribati","KI","KIR","296","WPR",2020,1,1,1,1,385,,1,385,385,320,,,,,,
"Kiribati","KI","KIR","296","WPR",2021,1,1,1,,330,,,,,,,,,,,
"Kiribati","KI","KIR","296","WPR",2022,1,1,0,,,,1,360,360,310,,,,,,
"Kiribati","KI","KIR","296","WPR",2023,1,1,1,1,565,110,,,,,0,0,0,0,,
"Kiribati","KI","KIR","296","WPR",2024,,,,,,,,,,,,,,,1,
"Kyrgyzstan","KG","KGZ","417","EUR",2015,9,9,0,,,,,,,,,,,,,
"Kyrgyzstan","KG","KGZ","417","EUR",2016,9,3,0,,,,,,,,,,,,,
"Kyrgyzstan","KG","KGZ","417","EUR",2017,9,3,0,,,,,,,,,,,,,
"Kyrgyzstan","KG","KGZ","417","EUR",2018,11,11,0,,,,,,,,,,,,,
"Kyrgyzstan","KG","KGZ","417","EUR",2019,11,11,0,,,,,,,,,,,,,
"Kyrgyzstan","KG","KGZ","417","EUR",2020,11,11,1,11,4241,4241,,,,,,,,,,
"Kyrgyzstan","KG","KGZ","417","EUR",2021,11,11,1,11,4241,4241,,,,,,,,,,
"Kyrgyzstan","KG","KGZ","417","EUR",2022,15,15,0,,,,45,94,,,,,,,,
"Kyrgyzstan","KG","KGZ","417","EUR",2023,15,,1,,,,,,,,1,1,0,1,,
"Kyrgyzstan","KG","KGZ","417","EUR",2024,,,,,,,,,,,,,,,1,428588
"Lao People's Democratic Republic","LA","LAO","418","WPR",2015,161,148,0,,,,,,,,,,,,,
"Lao People's Democratic Republic","LA","LAO","418","WPR",2016,163,163,0,,,,,,,,,,,,,
"Lao People's Democratic Republic","LA","LAO","418","WPR",2017,163,163,0,,,,,,,,,,,,,
"Lao People's Democratic Republic","LA","LAO","418","WPR",2018,164,164,0,,,,,,,,,,,,,
"Lao People's Democratic Republic","LA","LAO","418","WPR",2019,164,164,1,164,6816,274,,,,,,,,,,
"Lao People's Democratic Republic","LA","LAO","418","WPR",2020,164,164,1,164,8014,430,,,,,,,,,,
"Lao People's Democratic Republic","LA","LAO","418","WPR",2021,164,164,1,164,6125,270,,,,,,,,,,
"Lao People's Democratic Republic","LA","LAO","418","WPR",2022,164,164,1,164,8583,417,,,,,,,,,,
"Lao People's Democratic Republic","LA","LAO","418","WPR",2023,164,164,1,164,9042,415,,,,,0,0,0,0,,
"Lao People's Democratic Republic","LA","LAO","418","WPR",2024,,,,,,,,,,,,,,,0,
"Lebanon","LB","LBN","422","EMR",2015,8,0,0,,,,,,,,,,,,,
"Lebanon","LB","LBN","422","EMR",2016,9,0,0,,,,,,,,,,,,,
"Lebanon","LB","LBN","422","EMR",2017,9,0,0,,,,,,,,,,,,,
"Lesotho","LS","LSO","426","AFR",2013,,,,,,,17,,9649,6978,,,,,,
"Lesotho","LS","LSO","426","AFR",2014,34,,,17,9023,,,,,,,,,,,
"Lesotho","LS","LSO","426","AFR",2015,240,204,1,204,7060,65,0,,,,,,,,,
"Lesotho","LS","LSO","426","AFR",2016,202,202,1,184,7024,166,,,,,,,,,,
"Lesotho","LS","LSO","426","AFR",2017,202,192,1,190,6763,176,,,,,,,,,,
"Lesotho","LS","LSO","426","AFR",2018,10,10,1,10,7027,71,0,0,0,0,,,,,,
"Lesotho","LS","LSO","426","AFR",2019,10,10,1,10,7049,141,,,,,,,,,,
"Lesotho","LS","LSO","426","AFR",2020,10,10,1,10,4565,238,,,,,,,,,,
"Lesotho","LS","LSO","426","AFR",2021,10,10,1,10,4490,193,,,,,,,,,,
"Lesotho","LS","LSO","426","AFR",2022,10,10,1,10,5598,54,,,,,,,,,,
"Lesotho","LS","LSO","426","AFR",2023,10,10,1,10,6495,82,,,,,1,1,0,1,,
"Lesotho","LS","LSO","426","AFR",2024,,,,,,,,,,,,,,,1,2000000
"Liberia","LR","LBR","430","AFR",2013,,,,,,,191,,0,0,,,,,,
"Liberia","LR","LBR","430","AFR",2014,191,,,191,0,0,,,,,,,,,,
"Liberia","LR","LBR","430","AFR",2015,15,4,0,,,,,,,,,,,,,
"Liberia","LR","LBR","430","AFR",2016,15,0,0,,,,2,,,,,,,,,
"Liberia","LR","LBR","430","AFR",2017,15,9,1,9,6677,2337,,,,,,,,,,
"Liberia","LR","LBR","430","AFR",2018,15,4,1,4,685,,0,0,0,0,,,,,,
"Liberia","LR","LBR","430","AFR",2019,15,2,1,2,5897,1413,,,,,,,,,,
"Liberia","LR","LBR","430","AFR",2020,15,2,0,,,,,,,,,,,,,
"Liberia","LR","LBR","430","AFR",2021,13,13,1,13,5326,1982,3,2435,,,,,,,,
"Liberia","LR","LBR","430","AFR",2022,15,3,1,3,5239,2581,,,,,,,,,,
"Liberia","LR","LBR","430","AFR",2023,15,3,1,3,,,,,,,1,1,0,2,,
"Liberia","LR","LBR","430","AFR",2024,,,,,,,,,,,,,,,1,
"Madagascar","MG","MDG","450","AFR",2013,,,,,,,72,,382,,,,,,,
"Madagascar","MG","MDG","450","AFR",2014,215,,,72,11297,5914,72,8352,7378,5966,,,,,,
"Madagascar","MG","MDG","450","AFR",2015,216,72,1,72,13056,3449,72,28936,776,644,,,,,,
"Madagascar","MG","MDG","450","AFR",2016,216,91,1,91,3716,1184,71,6069,776,644,,,,,,
"Madagascar","MG","MDG","450","AFR",2017,216,91,1,91,3716,1702,91,4370,3712,3627,,,,,,
"Madagascar","MG","MDG","450","AFR",2018,228,91,1,91,14752,4370,91,5681,5681,4715,,,,,,
"Madagascar","MG","MDG","450","AFR",2019,120,120,1,120,19649,1901,120,5807,5807,5200,,,,,,
"Madagascar","MG","MDG","450","AFR",2020,120,120,1,120,12000,3349,242,36236,9206,9003,,,,,,
"Madagascar","MG","MDG","450","AFR",2021,242,242,1,242,40132,4444,238,39687,39687,32847,,,,,,
"Madagascar","MG","MDG","450","AFR",2022,253,253,1,253,45245,5241,267,45245,45245,33525,,,,,,
"Madagascar","MG","MDG","450","AFR",2023,267,267,1,267,46405,4455,,,,,1,1,1,1,,
"Madagascar","MG","MDG","450","AFR",2024,,,,,,,,,,,,,,,1,
"Malawi","MW","MWI","454","AFR",2014,276,,,,,,,,,,,,,,,
"Malawi","MW","MWI","454","AFR",2015,28,28,0,,,,,,,,,,,,,
"Malawi","MW","MWI","454","AFR",2016,28,28,1,28,16956,288,,,,,,,,,,
"Malawi","MW","MWI","454","AFR",2017,28,28,1,28,16502,738,,,,,,,,,,
"Malawi","MW","MWI","454","AFR",2018,28,28,1,28,15591,773,,,,,,,,,,
"Malawi","MW","MWI","454","AFR",2019,28,28,1,28,16902,1127,,,,,,,,,,
"Malawi","MW","MWI","454","AFR",2020,28,28,1,28,15133,662,0,0,0,0,,,,,,
"Malawi","MW","MWI","454","AFR",2021,28,28,1,28,14380,538,,,,,,,,,,
"Malawi","MW","MWI","454","AFR",2022,29,29,1,29,18025,1276,,,,,,,,,,
"Malawi","MW","MWI","454","AFR",2023,28,28,1,28,18784,1796,,,,,1,1,1,1,,
"Malawi","MW","MWI","454","AFR",2024,,,,,,,,,,,,,,,1,1624405
"Malaysia","MY","MYS","458","WPR",2013,,,,,,,15,,84,64,,,,,,
"Malaysia","MY","MYS","458","WPR",2014,146,,,146,24054,,16,5733,47,35,,,,,,
"Malaysia","MY","MYS","458","WPR",2015,146,146,1,,,,15,5821,41,33,,,,,,
"Malaysia","MY","MYS","458","WPR",2016,147,15,1,,,,28,8384,94,85,,,,,,
"Malaysia","MY","MYS","458","WPR",2017,149,,1,,,,,,,,,,,,,
"Malaysia","MY","MYS","458","WPR",2018,149,,0,,,,19,6818,79,68,,,,,,
"Malaysia","MY","MYS","458","WPR",2019,146,20,1,,,,19,5631,69,64,,,,,,
"Malaysia","MY","MYS","458","WPR",2020,150,19,1,,,,19,5050,59,44,,,,,,
"Malaysia","MY","MYS","458","WPR",2021,150,19,1,10,2015,13,12,3121,19,10,,,,,,
"Malaysia","MY","MYS","458","WPR",2022,150,12,1,10,3312,13,12,3982,19,13,,,,,,
"Malaysia","MY","MYS","458","WPR",2023,163,12,1,,6318,111,,,,,1,1,0,1,,
"Malaysia","MY","MYS","458","WPR",2024,,,,,,,,,,,,,,,0,
"Mali","ML","MLI","466","AFR",2015,0,,0,,,,2,1276,,,,,,,,
"Mali","ML","MLI","466","AFR",2016,72,22,1,22,1519,212,26,1888,663,,,,,,,
"Mali","ML","MLI","466","AFR",2017,80,38,1,38,2803,592,45,573,573,,,,,,,
"Mali","ML","MLI","466","AFR",2018,82,55,1,46,6264,163,,6889,562,400,,,,,,
"Mali","ML","MLI","466","AFR",2019,83,,1,83,6909,532,83,6909,447,400,,,,,,
"Mali","ML","MLI","466","AFR",2020,83,83,1,83,6922,168,,,,,,,,,,
"Mali","ML","MLI","466","AFR",2021,83,77,1,77,,,83,1163,768,213,,,,,,
"Mali","ML","MLI","466","AFR",2022,83,83,1,56,5750,1163,,,,,,,,,,
"Mali","ML","MLI","466","AFR",2023,110,83,1,83,8266,1068,,,,,1,1,1,1,,
"Mali","ML","MLI","466","AFR",2024,,,,,,,,,,,,,,,0,
"Marshall Islands","MH","MHL","584","WPR",2015,2,2,0,,,,,,,,,,,,,
"Marshall Islands","MH","MHL","584","WPR",2016,2,2,0,,,,,,,,,,,,,
"Marshall Islands","MH","MHL","584","WPR",2017,2,2,0,,,,,,,,,,,,,
"Marshall Islands","MH","MHL","584","WPR",2018,2,2,0,,,,,,,,,,,,,
"Marshall Islands","MH","MHL","584","WPR",2019,2,2,0,,,,,,,,,,,,,
"Mauritania","MR","MRT","478","AFR",2013,,,,,,,0,,0,0,,,,,,
"Mauritania","MR","MRT","478","AFR",2014,14,,,0,0,0,,,,,,,,,,
"Mauritania","MR","MRT","478","AFR",2015,58,0,0,,,,,,,,,,,,,
"Mauritania","MR","MRT","478","AFR",2017,0,0,0,,,,,,,,,,,,,
"Mauritania","MR","MRT","478","AFR",2018,0,0,0,,,,,,,,,,,,,
"Mauritania","MR","MRT","478","AFR",2019,0,0,0,,,,,,,,,,,,,
"Mexico","MX","MEX","484","AMR",2014,,,,,,,27,73,,,,,,,,
"Mexico","MX","MEX","484","AMR",2015,245,27,1,27,6566,73,26,133,0,0,,,,,,
"Mexico","MX","MEX","484","AMR",2016,257,26,1,26,6730,133,30,180,,,,,,,,
"Mexico","MX","MEX","484","AMR",2017,257,30,1,30,8631,180,30,279,0,0,,,,,,
"Mexico","MX","MEX","484","AMR",2018,242,30,1,30,9880,279,30,317,0,0,,,,,,
"Mexico","MX","MEX","484","AMR",2019,242,30,1,30,8615,317,30,271,,,,,,,,
"Mexico","MX","MEX","484","AMR",2020,243,30,1,30,9026,271,30,43,,,,,,,,
"Mexico","MX","MEX","484","AMR",2021,245,30,1,30,12015,43,30,118,,85,,,,,,
"Mexico","MX","MEX","484","AMR",2022,241,30,1,30,10891,172,56,12529,,,,,,,,
"Mexico","MX","MEX","484","AMR",2023,247,56,1,56,13027,184,,,,,1,1,0,1,,
"Mexico","MX","MEX","484","AMR",2024,,,,,,,,,,,,,,,0,
"Micronesia (Federated States of)","FM","FSM","583","WPR",2015,,,,,,,4,105,105,87,,,,,,
"Micronesia (Federated States of)","FM","FSM","583","WPR",2016,4,4,1,4,142,142,,,,,,,,,,
"Micronesia (Federated States of)","FM","FSM","583","WPR",2017,4,4,0,,,,,,,,,,,,,
"Mongolia","MN","MNG","496","WPR",2013,,,,,,,32,,731,580,,,,,,
"Mongolia","MN","MNG","496","WPR",2014,32,,,32,4483,351,32,4771,1597,1375,,,,,,
"Mongolia","MN","MNG","496","WPR",2015,33,32,1,32,4685,416,30,4935,2199,1785,,,,,,
"Mongolia","MN","MNG","496","WPR",2016,33,31,1,30,4425,723,30,4669,3058,1858,,,,,,
"Mongolia","MN","MNG","496","WPR",2017,33,31,1,30,4220,1052,30,4065,3225,2248,,,,,,
"Mongolia","MN","MNG","496","WPR",2018,33,30,1,30,3880,865,29,4065,3181,2102,,,,,,
"Mongolia","MN","MNG","496","WPR",2019,33,29,1,29,4430,2367,16,3752,1317,896,,,,,,
"Mongolia","MN","MNG","496","WPR",2020,33,16,1,16,3226,164,16,3506,1317,723,,,,,,
"Mongolia","MN","MNG","496","WPR",2021,33,29,1,29,2364,433,29,2801,1806,1159,,,,,,
"Mongolia","MN","MNG","496","WPR",2022,33,29,1,29,2794,466,29,2994,1682,984,,,,,,
"Mongolia","MN","MNG","496","WPR",2023,34,29,1,29,2987,441,,,,,0,0,0,0,,
"Mongolia","MN","MNG","496","WPR",2024,,,,,,,,,,,,,,,0,
"Montenegro","ME","MNE","499","EUR",2015,1,0,0,,,,,,,,,,,,,
"Morocco","MA","MAR","504","EMR",2014,,,,,,,11,10295,1110,,,,,,,
"Morocco","MA","MAR","504","EMR",2015,75,11,1,,,,12,10393,1061,,,,,,,
"Morocco","MA","MAR","504","EMR",2016,76,12,1,,,,12,10101,1112,602,,,,,,
"Morocco","MA","MAR","504","EMR",2017,76,18,1,13,6126,78,13,,,,,,,,,
"Morocco","MA","MAR","504","EMR",2018,76,13,1,13,9951,,13,9951,1616,,,,,,,
"Morocco","MA","MAR","504","EMR",2019,82,13,1,13,9941,227,13,9951,598,,,,,,,
"Morocco","MA","MAR","504","EMR",2020,82,18,1,18,13786,642,13,9951,598,,,,,,,
"Morocco","MA","MAR","504","EMR",2021,82,18,1,18,13786,642,,,,,,,,,,
"Mozambique","MZ","MOZ","508","AFR",2013,,,,,,,251,,5656,4852,,,,,,
"Mozambique","MZ","MOZ","508","AFR",2014,323,,,323,58270,2868,345,5710,4611,4610,,,,,,
"Mozambique","MZ","MOZ","508","AFR",2015,391,366,1,366,60913,3439,377,61559,8493,8493,,,,,,
"Mozambique","MZ","MOZ","508","AFR",2016,377,377,1,377,73470,15347,498,,11981,10001,,,,,,
"Mozambique","MZ","MOZ","508","AFR",2017,562,562,1,498,85376,21983,546,,19956,,,,,,,
"Mozambique","MZ","MOZ","508","AFR",2018,546,546,1,546,92381,23693,546,90947,17996,11273,,,,,,
"Mozambique","MZ","MOZ","508","AFR",2019,546,546,1,546,96024,26088,657,93078,35413,11941,,,,,,
"Mozambique","MZ","MOZ","508","AFR",2020,657,657,1,657,96203,29195,667,96203,29195,13579,,,,,,
"Mozambique","MZ","MOZ","508","AFR",2021,667,667,1,667,97921,31793,625,97094,22719,15276,,,,,,
"Mozambique","MZ","MOZ","508","AFR",2022,718,718,1,625,105672,47485,665,110084,38673,24640,,,,,,
"Mozambique","MZ","MOZ","508","AFR",2023,908,665,1,665,116317,58253,,,,,1,2,0,1,,
"Mozambique","MZ","MOZ","508","AFR",2024,,,,,,,,,,,,,,,1,7545229
"Myanmar","MM","MMR","104","SEA",2013,,,,,,,165,,1605,,,,,,,
"Myanmar","MM","MMR","104","SEA",2014,354,,,171,65323,1304,228,83934,5273,4890,,,,,,
"Myanmar","MM","MMR","104","SEA",2015,330,228,1,228,86344,12631,228,86344,10616,9012,,,,,,
"Myanmar","MM","MMR","104","SEA",2016,330,263,1,263,102033,19769,263,103598,14098,12406,,,,,,
"Myanmar","MM","MMR","104","SEA",2017,330,276,1,276,98293,19675,276,98293,15911,14002,,,,,,
"Myanmar","MM","MMR","104","SEA",2018,330,276,1,276,86370,19465,234,86370,19242,16356,,,,,,
"Myanmar","MM","MMR","104","SEA",2019,330,236,1,236,112371,17243,250,122371,21186,18432,,,,,,
"Myanmar","MM","MMR","104","SEA",2020,329,250,1,250,87939,16618,225,87939,16648,14553,,,,,,
"Myanmar","MM","MMR","104","SEA",2021,330,225,1,225,54482,10833,200,54482,11753,10225,,,,,,
"Myanmar","MM","MMR","104","SEA",2022,330,200,1,200,88965,16967,200,88965,16967,14930,,,,,,
"Myanmar","MM","MMR","104","SEA",2023,330,200,1,200,97764,18598,,,,,1,0,0,0,,
"Myanmar","MM","MMR","104","SEA",2024,,,,,,,,,,,,,,,1,139221
"Namibia","NA","NAM","516","AFR",2013,,,,,,,31,,6463,,,,,,,
"Namibia","NA","NAM","516","AFR",2014,34,,,,,,34,9587,9127,,,,,,,
"Namibia","NA","NAM","516","AFR",2015,34,34,1,34,9614,,34,9614,7907,,,,,,,
"Namibia","NA","NAM","516","AFR",2016,34,34,1,34,8857,,34,9154,5310,,,,,,,
"Namibia","NA","NAM","516","AFR",2017,34,34,1,34,8575,,35,8857,,,,,,,,
"Namibia","NA","NAM","516","AFR",2018,35,35,1,35,8100,6502,35,8068,1669,1488,,,,,,
"Namibia","NA","NAM","516","AFR",2019,35,35,1,35,7503,6034,35,8029,8029,6645,,,,,,
"Namibia","NA","NAM","516","AFR",2020,35,35,1,35,6312,6000,35,6755,6755,5740,,,,,,
"Namibia","NA","NAM","516","AFR",2021,35,35,1,35,6464,6286,36,6864,6301,,,,,,,
"Namibia","NA","NAM","516","AFR",2022,36,36,1,36,8620,,36,8620,8292,,,,,,,
"Namibia","NA","NAM","516","AFR",2023,36,36,1,36,9250,,,,,,1,2,1,2,,
"Namibia","NA","NAM","516","AFR",2024,,,,,,,,,,,,,,,1,176214
"Nepal","NP","NPL","524","SEA",2013,,,,,,,5,,363,,,,,,,
"Nepal","NP","NPL","524","SEA",2014,75,,,75,18249,457,11,5051,2273,2054,,,,,,
"Nepal","NP","NPL","524","SEA",2015,75,75,1,75,32986,3567,,,,,,,,,,
"Nepal","NP","NPL","524","SEA",2016,75,21,0,,,,,,,,,,,,,
"Nepal","NP","NPL","524","SEA",2017,75,21,0,,,,,,,,,,,,,
"Nepal","NP","NPL","524","SEA",2018,753,21,0,,,,,,,,,,,,,
"Nepal","NP","NPL","524","SEA",2019,753,21,0,,,,,,,,,,,,,
"Nepal","NP","NPL","524","SEA",2020,753,21,0,,,,,,,,,,,,,
"Nepal","NP","NPL","524","SEA",2021,753,183,0,,,,,,,,,,,,,
"Nepal","NP","NPL","524","SEA",2022,753,183,0,,,,,,,,,,,,,
"Nepal","NP","NPL","524","SEA",2023,753,183,0,,,,,,,,1,1,1,1,,
"Nepal","NP","NPL","524","SEA",2024,,,,,,,,,,,,,,,1,260000
"Nicaragua","NI","NIC","558","AMR",2015,19,16,0,,,,,,,,,,,,,
"Nicaragua","NI","NIC","558","AMR",2016,201,186,0,,,,,,,,,,,,,
"Nicaragua","NI","NIC","558","AMR",2017,19,19,1,15,1866,62,39,1281,61,52,,,,,,
"Nicaragua","NI","NIC","558","AMR",2018,1154,113,1,113,1058,65,42,670,72,53,,,,,,
"Nicaragua","NI","NIC","558","AMR",2019,1154,60,1,60,894,57,,,,,,,,,,
"Nicaragua","NI","NIC","558","AMR",2020,1154,,1,154,1886,47,154,1886,229,214,,,,,,
"Nicaragua","NI","NIC","558","AMR",2021,154,154,1,154,1836,29,154,1836,210,204,,,,,,
"Nicaragua","NI","NIC","558","AMR",2022,154,154,1,154,2102,25,154,2172,468,414,,,,,,
"Nicaragua","NI","NIC","558","AMR",2023,154,154,1,154,2122,24,,,,,0,0,0,0,,
"Nicaragua","NI","NIC","558","AMR",2024,,,,,,,,,,,,,,,1,12454
"Niger","NE","NER","562","AFR",2014,8,,,,,,,,,,,,,,,
"Niger","NE","NER","562","AFR",2015,44,,0,,,,,,,,,,,,,
"Niger","NE","NER","562","AFR",2017,44,44,1,44,10418,982,44,10619,,,,,,,,
"Niger","NE","NER","562","AFR",2018,72,72,1,72,10638,1727,,,,,,,,,,
"Niger","NE","NER","562","AFR",2019,72,72,1,72,10485,1843,72,11595,1858,,,,,,,
"Niger","NE","NER","562","AFR",2020,72,72,1,72,11385,2086,,11195,,9437,,,,,,
"Niger","NE","NER","562","AFR",2021,72,72,1,72,12786,2145,72,,,,,,,,,
"Niger","NE","NER","562","AFR",2022,72,72,1,72,14223,2675,72,14457,,,,,,,,
"Niger","NE","NER","562","AFR",2023,72,72,1,72,15464,3333,,,,,2,1,1,1,,
"Niger","NE","NER","562","AFR",2024,,,,,,,,,,,,,,,0,
"Nigeria","NG","NGA","566","AFR",2013,,,,,,,774,,55995,,,,,,,
"Nigeria","NG","NGA","566","AFR",2014,774,,,774,,,774,90584,68016,,,,,,,
"Nigeria","NG","NGA","566","AFR",2015,774,774,1,774,55508,19755,774,90584,68016,57264,,,,,,
"Nigeria","NG","NGA","566","AFR",2016,774,774,1,774,97279,20474,774,100403,79345,68680,,,,,,
"Nigeria","NG","NGA","566","AFR",2017,774,774,1,489,59792,21094,756,104904,86720,74290,,,,,,
"Nigeria","NG","NGA","566","AFR",2018,774,774,1,774,102086,20171,774,106533,93061,,,,,,,
"Nigeria","NG","NGA","566","AFR",2019,774,774,1,753,117581,26226,774,120266,,,,,,,,
"Nigeria","NG","NGA","566","AFR",2020,774,774,1,774,138591,42048,774,138591,119378,,,,,,,
"Nigeria","NG","NGA","566","AFR",2021,774,774,1,747,200966,68334,774,207783,173213,,,,,,,
"Nigeria","NG","NGA","566","AFR",2022,774,774,1,758,281613,122933,774,285561,278384,257784,,,,,,
"Nigeria","NG","NGA","566","AFR",2023,774,774,1,712,367040,153466,,,,,1,1,1,1,,
"Nigeria","NG","NGA","566","AFR",2024,,,,,,,,,,,,,,,1,
"North Macedonia","MK","MKD","807","EUR",2015,16,0,0,,,,,,,,,,,,,
"North Macedonia","MK","MKD","807","EUR",2016,16,0,0,,,,,,,,,,,,,
"North Macedonia","MK","MKD","807","EUR",2017,12,0,0,,,,,,,,,,,,,
"Pakistan","PK","PAK","586","EMR",2013,,,,,,,1137,,231557,210717,,,,,,
"Pakistan","PK","PAK","586","EMR",2014,1306,,,1011,105169,,1360,308327,154163,140290,,,,,,
"Pakistan","PK","PAK","586","EMR",2015,1360,1360,1,1360,323267,32326,1360,323267,161633,150319,,,,,,
"Pakistan","PK","PAK","586","EMR",2016,1360,1360,1,1360,356390,53458,,,,,,,,,,
"Pakistan","PK","PAK","586","EMR",2017,1360,,0,,,,,,,,,,,,,
"Pakistan","PK","PAK","586","EMR",2018,1523,1523,0,,,,,,,,,,,,,
"Pakistan","PK","PAK","586","EMR",2019,1560,1560,0,,,,,,,,,,,,,
"Pakistan","PK","PAK","586","EMR",2020,1582,1582,0,,,,,,,,,,,,,
"Pakistan","PK","PAK","586","EMR",2021,1519,,0,,,,,,,,,,,,,
"Pakistan","PK","PAK","586","EMR",2022,1603,,0,,,,,,,,,,,,,
"Pakistan","PK","PAK","586","EMR",2023,1638,777,0,,,,,,,,1,1,0,1,,
"Pakistan","PK","PAK","586","EMR",2024,,,,,,,,,,,,,,,0,
"Panama","PA","PAN","591","AMR",2015,15,0,0,,,,,,,,,,,,,
"Panama","PA","PAN","591","AMR",2016,15,0,0,,,,,,,,,,,,,
"Panama","PA","PAN","591","AMR",2017,15,0,0,,,,,,,,,,,,,
"Panama","PA","PAN","591","AMR",2023,15,15,0,,,,,,,,0,0,0,0,,
"Panama","PA","PAN","591","AMR",2024,,,,,,,,,,,,,,,0,
"Papua New Guinea","PG","PNG","598","WPR",2015,270,,0,,,,,,,,,,,,,
"Papua New Guinea","PG","PNG","598","WPR",2016,275,11,0,,,,,,,,,,,,,
"Papua New Guinea","PG","PNG","598","WPR",2017,275,15,0,,,,,,,,,,,,,
"Papua New Guinea","PG","PNG","598","WPR",2018,272,272,0,,,,15,7475,7475,6444,,,,,,
"Papua New Guinea","PG","PNG","598","WPR",2019,256,15,1,,,,,,,,,,,,,
"Papua New Guinea","PG","PNG","598","WPR",2020,256,15,0,,,,,,,,,,,,,
"Papua New Guinea","PG","PNG","598","WPR",2021,252,15,0,,,,18,7472,4852,4567,,,,,,
"Papua New Guinea","PG","PNG","598","WPR",2022,257,18,1,18,8751,5210,17,11101,9416,7295,,,,,,
"Papua New Guinea","PG","PNG","598","WPR",2023,257,108,1,32,10789,8982,,,,,1,1,1,1,,
"Papua New Guinea","PG","PNG","598","WPR",2024,,,,,,,,,,,,,,,0,
"Paraguay","PY","PRY","600","AMR",2015,250,,0,,,,,,,,,,,,,
"Paraguay","PY","PRY","600","AMR",2016,245,15,1,15,40,40,,,,,,,,,,
"Paraguay","PY","PRY","600","AMR",2017,18,4,1,4,42,42,4,42,42,35,,,,,,
"Paraguay","PY","PRY","600","AMR",2018,18,4,1,4,33,33,4,42,42,25,,,,,,
"Paraguay","PY","PRY","600","AMR",2019,18,18,1,4,38,38,4,42,42,25,,,,,,
"Paraguay","PY","PRY","600","AMR",2020,18,14,1,14,38,38,18,303,,,,,,,,
"Paraguay","PY","PRY","600","AMR",2021,18,18,1,18,246,,18,246,,,,,,,,
"Paraguay","PY","PRY","600","AMR",2022,19,19,1,19,497,259,6,912,2,2,,,,,,
"Paraguay","PY","PRY","600","AMR",2023,19,19,1,19,513,6,,,,,1,0,1,1,,
"Paraguay","PY","PRY","600","AMR",2024,,,,,,,,,,,,,,,1,14000
"Peru","PE","PER","604","AMR",2015,8164,790,0,,,,,,,,,,,,,
"Peru","PE","PER","604","AMR",2016,9746,,0,,,,,,,,,,,,,
"Peru","PE","PER","604","AMR",2017,9746,0,0,,,,,,,,,,,,,
"Peru","PE","PER","604","AMR",2018,8219,127,0,,,,127,,,,,,,,,
"Peru","PE","PER","604","AMR",2019,8219,127,1,122,,,,,,,,,,,,
"Peru","PE","PER","604","AMR",2020,29,29,0,,,,,,,,,,,,,
"Peru","PE","PER","604","AMR",2021,29,29,0,,,,,,,,,,,,,
"Peru","PE","PER","604","AMR",2022,29,29,0,,,,,,,,,,,,,
"Peru","PE","PER","604","AMR",2023,29,29,0,,,,,,,,2,2,2,1,,
"Peru","PE","PER","604","AMR",2024,,,,,,,,,,,,,,,1,426519
"Philippines","PH","PHL","608","WPR",2014,2208,,,,,,,,,,,,,,,
"Philippines","PH","PHL","608","WPR",2015,2964,2622,0,,,,0,,,,,,,,,
"Philippines","PH","PHL","608","WPR",2016,3132,3132,1,3132,273444,41076,0,253450,,,,,,,,
"Philippines","PH","PHL","608","WPR",2017,2934,2351,1,2351,235930,30671,,,,,,,,,,
"Philippines","PH","PHL","608","WPR",2018,2974,2507,1,2386,252318,38628,,,,,,,,,,
"Philippines","PH","PHL","608","WPR",2019,2768,2768,1,2768,293674,53966,,,,,,,,,,
"Philippines","PH","PHL","608","WPR",2020,3122,3122,1,1249,125557,37077,,,,,,,,,,
"Philippines","PH","PHL","608","WPR",2021,2872,2309,1,998,175692,25606,2893,305803,124369,115944,,,,,,
"Philippines","PH","PHL","608","WPR",2022,3011,3011,1,3011,371653,51393,2557,348027,53348,50447,,,,,,
"Philippines","PH","PHL","608","WPR",2023,3189,2694,1,2694,391366,39491,,,,,1,1,0,1,,
"Philippines","PH","PHL","608","WPR",2024,,,,,,,,,,,,,,,0,
"Republic of Moldova","MD","MDA","498","EUR",2013,,,,,,,57,,3308,2414,,,,,,
"Republic of Moldova","MD","MDA","498","EUR",2014,57,,,57,4636,,,,,,,,,,,
"Republic of Moldova","MD","MDA","498","EUR",2015,59,59,0,,,,,,,,,,,,,
"Republic of Moldova","MD","MDA","498","EUR",2016,59,59,0,,,,54,4078,4078,2659,,,,,,
"Republic of Moldova","MD","MDA","498","EUR",2017,59,59,1,8,586,216,52,3797,3797,2571,,,,,,
"Republic of Moldova","MD","MDA","498","EUR",2018,59,59,1,35,2326,953,51,3460,3460,2382,,,,,,
"Republic of Moldova","MD","MDA","498","EUR",2019,59,59,1,35,2296,1437,57,3274,3274,2334,,,,,,
"Republic of Moldova","MD","MDA","498","EUR",2020,59,59,1,59,1763,1145,57,2013,2013,1444,,,,,,
"Republic of Moldova","MD","MDA","498","EUR",2021,59,59,1,59,2067,1342,57,1851,1851,1314,,,,,,
"Republic of Moldova","MD","MDA","498","EUR",2022,59,59,1,59,2121,1378,59,1545,1545,1229,,,,,,
"Republic of Moldova","MD","MDA","498","EUR",2023,59,59,1,59,2164,1951,,,,,2,2,1,1,,
"Republic of Moldova","MD","MDA","498","EUR",2024,,,,,,,,,,,,,,,1,738247
"Romania","RO","ROU","642","EUR",2013,,,,,,,177,,320,0,,,,,,
"Romania","RO","ROU","642","EUR",2014,177,,,0,14861,0,,,,,,,,,,
"Romania","RO","ROU","642","EUR",2015,177,31,0,,,,32,2965,1300,,,,,,,
"Romania","RO","ROU","642","EUR",2016,177,38,1,0,2981,27,30,3416,1801,1542,,,,,,
"Romania","RO","ROU","642","EUR",2017,178,30,1,30,3172,2288,30,3481,2277,,,,,,,
"Romania","RO","ROU","642","EUR",2018,178,30,1,30,2320,,,,,,,,,,,
"Romania","RO","ROU","642","EUR",2019,178,,,,,,,,,,,,,,,
"Romania","RO","ROU","642","EUR",2023,162,65,0,,,,,,,,1,0,1,1,,
"Romania","RO","ROU","642","EUR",2024,,,,,,,,,,,,,,,0,
"Russian Federation","RU","RUS","643","EUR",2015,2212,,0,,,,,,,,,,,,,
"Russian Federation","RU","RUS","643","EUR",2016,2279,,,,,,,,,,,,,,,
"Russian Federation","RU","RUS","643","EUR",2017,2263,0,0,,,,,,,,,,,,,
"Russian Federation","RU","RUS","643","EUR",2023,2058,,0,,,,,,,,2,2,2,2,,
"Russian Federation","RU","RUS","643","EUR",2024,,,,,,,,,,,,,,,0,
"Rwanda","RW","RWA","646","AFR",2013,,,,,,,515,,2889,2711,,,,,,
"Rwanda","RW","RWA","646","AFR",2014,515,,,515,5919,1188,178,5940,2767,2645,,,,,,
"Rwanda","RW","RWA","646","AFR",2015,200,200,1,200,5534,1073,153,2649,2490,2342,,,,,,
"Rwanda","RW","RWA","646","AFR",2016,200,153,1,153,2743,1162,153,2816,2661,2509,,,,,,
"Rwanda","RW","RWA","646","AFR",2017,200,153,1,153,2547,729,153,2911,1655,1563,,,,,,
"Rwanda","RW","RWA","646","AFR",2018,153,153,1,153,1568,695,516,2407,2407,2280,,,,,,
"Rwanda","RW","RWA","646","AFR",2019,563,516,1,516,42184,1202,534,5840,2412,2251,,,,,,
"Rwanda","RW","RWA","646","AFR",2020,569,569,1,569,5511,1036,63,2428,2428,2300,,,,,,
"Rwanda","RW","RWA","646","AFR",2021,573,573,1,315,2650,1456,514,5216,1559,1415,,,,,,
"Rwanda","RW","RWA","646","AFR",2022,563,514,1,514,6981,1907,525,2146,2146,2012,,,,,,
"Rwanda","RW","RWA","646","AFR",2023,573,525,1,525,9314,2975,,,,,1,1,0,0,,
"Rwanda","RW","RWA","646","AFR",2024,,,,,,,,,,,,,,,0,
"Sao Tome and Principe","ST","STP","678","AFR",2013,,,,,,,0,,6,6,,,,,,
"Sao Tome and Principe","ST","STP","678","AFR",2014,0,,,0,109,109,7,96,96,82,,,,,,
"Sao Tome and Principe","ST","STP","678","AFR",2015,7,7,1,7,178,129,7,39,28,24,,,,,,
"Sao Tome and Principe","ST","STP","678","AFR",2016,7,7,1,7,34,9,7,44,30,29,,,,,,
"Sao Tome and Principe","ST","STP","678","AFR",2017,7,7,1,7,28,28,7,24,24,14,,,,,,
"Sao Tome and Principe","ST","STP","678","AFR",2018,7,7,1,7,26,26,7,152,96,75,,,,,,
"Sao Tome and Principe","ST","STP","678","AFR",2019,7,7,1,7,20,20,,,,,,,,,,
"Sao Tome and Principe","ST","STP","678","AFR",2020,32,0,0,,,,38,43,43,38,,,,,,
"Sao Tome and Principe","ST","STP","678","AFR",2021,38,38,1,0,0,0,41,82,44,41,,,,,,
"Sao Tome and Principe","ST","STP","678","AFR",2022,41,41,1,41,123,20,38,85,65,57,,,,,,
"Sao Tome and Principe","ST","STP","678","AFR",2023,38,38,1,38,105,15,,,,,1,1,1,1,,
"Sao Tome and Principe","ST","STP","678","AFR",2024,,,,,,,,,,,,,,,1,104676
"Senegal","SN","SEN","686","AFR",2013,,,,,,,76,,891,760,,,,,,
"Senegal","SN","SEN","686","AFR",2014,76,,,76,9931,1011,,618,618,571,,,,,,
"Senegal","SN","SEN","686","AFR",2015,76,76,1,76,9773,1059,84,13375,169,158,,,,,,
"Senegal","SN","SEN","686","AFR",2016,84,84,1,84,9836,1374,84,12878,321,305,,,,,,
"Senegal","SN","SEN","686","AFR",2017,84,84,1,84,10117,1529,90,13235,303,,,,,,,
"Senegal","SN","SEN","686","AFR",2018,90,90,1,90,13250,858,90,13250,64,64,,,,,,
"Senegal","SN","SEN","686","AFR",2019,90,90,1,90,13357,2525,90,13357,60,60,,,,,,
"Senegal","SN","SEN","686","AFR",2020,90,90,1,90,12808,2600,,,,,,,,,,
"Senegal","SN","SEN","686","AFR",2021,98,98,1,,,,98,13370,,,,,,,,
"Senegal","SN","SEN","686","AFR",2022,98,98,1,98,14604,3263,98,14604,71,71,,,,,,
"Senegal","SN","SEN","686","AFR",2023,98,98,1,98,16668,3537,,,,,1,1,1,1,,
"Senegal","SN","SEN","686","AFR",2024,,,,,,,,,,,,,,,1,
"Serbia","RS","SRB","688","EUR",2015,28,0,0,,,,1,20,20,17,,,,,,
"Serbia","RS","SRB","688","EUR",2016,28,9,,9,108,108,1,4,2,2,,,,,,
"Serbia","RS","SRB","688","EUR",2017,84,71,1,71,,129,1,,4,4,,,,,,
"Serbia","RS","SRB","688","EUR",2018,24,24,1,24,,28,1,4,4,4,,,,,,
"Serbia","RS","SRB","688","EUR",2019,24,24,1,24,8,8,1,4,4,4,,,,,,
"Serbia","RS","SRB","688","EUR",2020,24,24,1,24,0,0,,,,,,,,,,
"Serbia","RS","SRB","688","EUR",2021,,,,,,,1,,2,2,,,,,,
"Serbia","RS","SRB","688","EUR",2022,24,6,1,6,12,12,1,2,2,2,,,,,,
"Serbia","RS","SRB","688","EUR",2023,24,2,1,2,0,0,,,,,0,0,0,0,,
"Serbia","RS","SRB","688","EUR",2024,,,,,,,,,,,,,,,1,0
"Sierra Leone","SL","SLE","694","AFR",2013,,,,,,,170,,187,185,,,,,,
"Sierra Leone","SL","SLE","694","AFR",2014,170,,,170,7729,3065,,,,,,,,,,
"Sierra Leone","SL","SLE","694","AFR",2015,170,142,1,,,,0,12103,3101,,,,,,,
"Sierra Leone","SL","SLE","694","AFR",2016,14,14,1,14,8730,3330,,,139,137,,,,,,
"Sierra Leone","SL","SLE","694","AFR",2017,170,170,1,170,15935,3400,170,16142,761,727,,,,,,
"Sierra Leone","SL","SLE","694","AFR",2018,170,170,1,170,17143,5884,170,17169,3701,3445,,,,,,
"Sierra Leone","SL","SLE","694","AFR",2019,170,170,1,170,17789,6134,183,17794,5284,4927,,,,,,
"Sierra Leone","SL","SLE","694","AFR",2020,183,183,1,183,15790,3629,184,17669,3617,3437,,,,,,
"Sierra Leone","SL","SLE","694","AFR",2021,184,184,1,184,17517,2040,,,,,,,,,,
"Sierra Leone","SL","SLE","694","AFR",2023,16,16,1,13,19821,958,,,,,1,1,1,1,,
"Sierra Leone","SL","SLE","694","AFR",2024,,,,,,,,,,,,,,,0,
"Somalia","SO","SOM","706","EMR",2015,68,,1,,,1687,,,,,,,,,,
"Somalia","SO","SOM","706","EMR",2016,75,5,0,,,,0,0,0,0,,,,,,
"Somalia","SO","SOM","706","EMR",2017,92,7,1,7,2051,277,12,2734,2734,2115,,,,,,
"Somalia","SO","SOM","706","EMR",2018,96,12,1,12,2511,469,13,1576,1576,1256,,,,,,
"Somalia","SO","SOM","706","EMR",2019,93,13,1,13,1238,271,13,1004,1004,882,,,,,,
"Somalia","SO","SOM","706","EMR",2020,96,13,1,13,2408,203,10,1004,251,240,,,,,,
"Somalia","SO","SOM","706","EMR",2021,102,10,1,10,2135,299,,,,,,,,,,
"Somalia","SO","SOM","706","EMR",2022,108,18,1,18,3402,381,,,,,,,,,,
"Somalia","SO","SOM","706","EMR",2023,112,,0,,,,,,,,1,1,1,1,,
"Somalia","SO","SOM","706","EMR",2024,,,,,,,,,,,,,,,1,
"South Africa","ZA","ZAF","710","AFR",2014,52,,,,,,,,,,,,,,,
"South Africa","ZA","ZAF","710","AFR",2015,52,52,0,,,,,,,,,,,,,
"South Africa","ZA","ZAF","710","AFR",2016,52,52,0,,,,,,,,,,,,,
"South Africa","ZA","ZAF","710","AFR",2017,52,52,0,,,,,,,,,,,,,
"South Africa","ZA","ZAF","710","AFR",2018,52,52,0,,,,,,,,,,,,,
"South Africa","ZA","ZAF","710","AFR",2019,52,52,0,,,,,,,,,,,,,
"South Africa","ZA","ZAF","710","AFR",2023,52,52,0,,,,,,,,1,2,0,0,,
"South Africa","ZA","ZAF","710","AFR",2024,,,,,,,,,,,,,,,0,
"Sri Lanka","LK","LKA","144","SEA",2013,,,,,,,26,,1637,1559,,,,,,
"Sri Lanka","LK","LKA","144","SEA",2014,26,,,26,3982,85,26,9473,1645,1474,,,,,,
"Sri Lanka","LK","LKA","144","SEA",2015,26,26,1,26,9293,525,26,8886,701,568,,,,,,
"Sri Lanka","LK","LKA","144","SEA",2016,26,26,1,26,8660,83,26,8511,1608,1363,,,,,,
"Sri Lanka","LK","LKA","144","SEA",2017,26,26,1,26,8314,25,26,8511,1946,1586,,,,,,
"Sri Lanka","LK","LKA","144","SEA",2018,26,26,1,26,8613,39,26,8434,3931,,,,,,,
"Sri Lanka","LK","LKA","144","SEA",2019,26,26,1,26,8186,60,26,8434,60,,,,,,,
"Sri Lanka","LK","LKA","144","SEA",2020,26,26,1,26,7030,12,26,7258,7258,5968,,,,,,
"Sri Lanka","LK","LKA","144","SEA",2021,26,26,1,26,6537,3,26,6771,6771,5373,,,,,,
"Sri Lanka","LK","LKA","144","SEA",2022,26,26,1,26,8109,1,26,26,18,,,,,,,
"Sri Lanka","LK","LKA","144","SEA",2023,26,26,1,26,9271,24,,,,,1,1,1,1,,
"Sri Lanka","LK","LKA","144","SEA",2024,,,,,,,,,,,,,,,0,
"Sudan","SD","SDN","729","EMR",2014,331,,,,,,,,,,,,,,,
"Sudan","SD","SDN","729","EMR",2015,327,,0,,,,,,,,,,,,,
"Sudan","SD","SDN","729","EMR",2016,335,,0,,,,,,,,,,,,,
"Sudan","SD","SDN","729","EMR",2017,336,,0,,,,,,,,,,,,,
"Suriname","SR","SUR","740","AMR",2015,1,0,0,,,,,,,,,,,,,
"Suriname","SR","SUR","740","AMR",2016,0,0,0,,,,,,,,,,,,,
"Suriname","SR","SUR","740","AMR",2017,1,0,0,,,,,,,,,,,,,
"Suriname","SR","SUR","740","AMR",2018,1,0,0,,,,,,,,,,,,,
"Suriname","SR","SUR","740","AMR",2019,1,0,0,,,,,,,,,,,,,
"Suriname","SR","SUR","740","AMR",2023,1,,0,,,,,,,,1,1,0,0,,
"Suriname","SR","SUR","740","AMR",2024,,,,,,,,,,,,,,,0,
"Syrian Arab Republic","SY","SYR","760","EMR",2015,,,0,,,,,,,,,,,,,
"Syrian Arab Republic","SY","SYR","760","EMR",2016,641,0,0,,,,641,3191,2947,2875,,,,,,
"Syrian Arab Republic","SY","SYR","760","EMR",2017,641,641,1,641,2845,,641,2845,2845,2450,,,,,,
"Syrian Arab Republic","SY","SYR","760","EMR",2018,643,643,1,643,2685,2685,0,0,0,0,,,,,,
"Syrian Arab Republic","SY","SYR","760","EMR",2019,708,708,1,0,0,0,0,0,0,0,,,,,,
"Syrian Arab Republic","SY","SYR","760","EMR",2020,708,708,1,0,0,0,,,,,,,,,,
"Syrian Arab Republic","SY","SYR","760","EMR",2021,708,708,0,,,,,,,,,,,,,
"Tajikistan","TJ","TJK","762","EUR",2013,,,,,,,109,,6495,5282,,,,,,
"Tajikistan","TJ","TJK","762","EUR",2014,109,,,109,6260,883,,,,,,,,,,
"Tajikistan","TJ","TJK","762","EUR",2015,102,38,0,,,,,,,,,,,,,
"Tajikistan","TJ","TJK","762","EUR",2016,102,33,0,,,,,,,,,,,,,
"Tajikistan","TJ","TJK","762","EUR",2017,103,24,0,,,,,,,,,,,,,
"Tajikistan","TJ","TJK","762","EUR",2018,103,23,0,,,,,,,,,,,,,
"Tajikistan","TJ","TJK","762","EUR",2019,103,7,0,,,,,,,,,,,,,
"Tajikistan","TJ","TJK","762","EUR",2023,73,0,0,,,,,,,,0,0,0,0,,
"Tajikistan","TJ","TJK","762","EUR",2024,,,,,,,,,,,,,,,0,
"Thailand","TH","THA","764","SEA",2014,909,,,,,,,,,,,,,,,
"Thailand","TH","THA","764","SEA",2015,909,,0,,,,,,,,,,,,,
"Thailand","TH","THA","764","SEA",2016,883,883,0,,,,,,,,,,,,,
"Thailand","TH","THA","764","SEA",2017,1347,1347,0,,,,,,,,,,,,,
"Thailand","TH","THA","764","SEA",2018,1363,1363,0,,,,,,,,,,,,,
"Thailand","TH","THA","764","SEA",2019,1372,1372,0,,,,,,,,,,,,,
"Thailand","TH","THA","764","SEA",2022,,,,,,,903,36137,18069,15359,,,,,,
"Thailand","TH","THA","764","SEA",2023,903,903,1,903,40105,20053,,,,,1,1,1,1,,
"Thailand","TH","THA","764","SEA",2024,,,,,,,,,,,,,,,1,
"Timor-Leste","TL","TLS","626","SEA",2013,,,,,,,18,,244,240,,,,,,
"Timor-Leste","TL","TLS","626","SEA",2014,18,,,18,1916,,18,472,472,464,,,,,,
"Timor-Leste","TL","TLS","626","SEA",2015,18,18,1,18,3337,483,18,3330,277,274,,,,,,
"Timor-Leste","TL","TLS","626","SEA",2016,18,18,1,18,3607,328,76,3731,484,469,,,,,,
"Timor-Leste","TL","TLS","626","SEA",2017,76,76,1,76,3470,347,18,3906,707,653,,,,,,
"Timor-Leste","TL","TLS","626","SEA",2018,18,18,1,18,3607,659,,,,,,,,,,
"Timor-Leste","TL","TLS","626","SEA",2019,18,18,0,,,,,,876,841,,,,,,
"Timor-Leste","TL","TLS","626","SEA",2020,18,18,,,,,,,,,,,,,,
"Timor-Leste","TL","TLS","626","SEA",2021,78,78,,,,,,,,,,,,,,
"Timor-Leste","TL","TLS","626","SEA",2022,0,0,0,,,,,,,,,,,,,
"Togo","TG","TGO","768","AFR",2015,62,62,1,62,2671,30,0,0,0,0,,,,,,
"Togo","TG","TGO","768","AFR",2016,63,62,1,62,2084,125,0,0,0,0,,,,,,
"Togo","TG","TGO","768","AFR",2017,63,63,1,63,2633,137,63,2633,670,321,,,,,,
"Togo","TG","TGO","768","AFR",2018,63,63,1,63,2501,217,63,2501,2003,447,,,,,,
"Togo","TG","TGO","768","AFR",2019,63,63,1,63,2575,172,,,,,,,,,,
"Togo","TG","TGO","768","AFR",2020,79,79,1,79,2312,120,,,,,,,,,,
"Togo","TG","TGO","768","AFR",2021,79,79,1,79,2418,202,90,2490,2050,560,,,,,,
"Togo","TG","TGO","768","AFR",2022,90,90,1,90,,357,90,3133,3133,,,,,,,
"Togo","TG","TGO","768","AFR",2023,90,90,1,90,3065,402,,,,,1,2,0,2,,
"Togo","TG","TGO","768","AFR",2024,,,,,,,,,,,,,,,0,
"Tunisia","TN","TUN","788","EMR",2015,24,24,0,,,,,,,,,,,,,
"Tunisia","TN","TUN","788","EMR",2016,24,0,0,,,,,,,,,,,,,
"Tunisia","TN","TUN","788","EMR",2017,24,0,0,,,,,,,,,,,,,
"Tunisia","TN","TUN","788","EMR",2018,24,24,0,,,,,,,,,,,,,
"Türkiye","TR","TUR","792","EUR",2014,177,,,,,,,,,,,,,,,
"Türkiye","TR","TUR","792","EUR",2015,178,150,0,,,,,,,,,,,,,
"Türkiye","TR","TUR","792","EUR",2016,179,,,,,,,,,,,,,,,
"Türkiye","TR","TUR","792","EUR",2017,179,,,,,,,,,,,,,,,
"Türkiye","TR","TUR","792","EUR",2023,81,81,0,,,,,,,,0,1,0,1,,
"Türkiye","TR","TUR","792","EUR",2024,,,,,,,,,,,,,,,0,
"Turkmenistan","TM","TKM","795","EUR",2015,,,0,,,,,,,,,,,,,
"Turkmenistan","TM","TKM","795","EUR",2016,,,0,,,,,,,,,,,,,
"Turkmenistan","TM","TKM","795","EUR",2017,,,0,,,,,,,,,,,,,
"Turkmenistan","TM","TKM","795","EUR",2023,1,1,0,,,,,,,,0,0,1,1,,
"Turkmenistan","TM","TKM","795","EUR",2024,,,,,,,,,,,,,,,0,
"Uganda","UG","UGA","800","AFR",2013,,,,,,,117,,26044,,,,,,,
"Uganda","UG","UGA","800","AFR",2014,117,,,117,44187,,,,,,,,,,,
"Uganda","UG","UGA","800","AFR",2015,117,117,0,,,,112,41912,32406,,,,,,,
"Uganda","UG","UGA","800","AFR",2016,112,112,1,112,43394,,,,,,,,,,,
"Uganda","UG","UGA","800","AFR",2017,122,122,0,,,,65,9876,,,,,,,,
"Uganda","UG","UGA","800","AFR",2018,1672,82,1,65,11344,1703,81,4019,3448,,,,,,,
"Uganda","UG","UGA","800","AFR",2019,1672,81,1,62,9100,2585,1217,33469,32054,26702,,,,,,
"Uganda","UG","UGA","800","AFR",2020,1666,1666,1,602,7016,7016,146,62079,,51617,,,,,,
"Uganda","UG","UGA","800","AFR",2021,146,146,1,146,76268,16416,146,74704,74704,65434,,,,,,
"Uganda","UG","UGA","800","AFR",2022,146,146,1,146,94399,21264,146,74674,74674,65385,,,,,,
"Uganda","UG","UGA","800","AFR",2023,146,146,1,146,86469,17882,,,,,1,1,1,1,,
"Uganda","UG","UGA","800","AFR",2024,,,,,,,,,,,,,,,1,292000
"Ukraine","UA","UKR","804","EUR",2014,,,,,,,25,28187,5663,4980,,,,,,
"Ukraine","UA","UKR","804","EUR",2015,25,25,1,25,30749,563,25,32870,5298,4028,,,,,,
"Ukraine","UA","UKR","804","EUR",2016,25,25,1,25,29052,27229,25,35979,5456,5146,,,,,,
"Ukraine","UA","UKR","804","EUR",2017,25,25,1,25,27121,387,25,28145,11125,9116,,,,,,
"Ukraine","UA","UKR","804","EUR",2018,25,25,1,25,26231,15112,25,26496,9773,8842,,,,,,
"Ukraine","UA","UKR","804","EUR",2019,25,25,1,25,24503,8543,25,34105,34105,20412,,,,,,
"Ukraine","UA","UKR","804","EUR",2020,25,25,1,25,17533,17504,25,19005,13868,12272,,,,,,
"Ukraine","UA","UKR","804","EUR",2021,25,25,1,25,17497,9214,25,19645,14881,11493,,,,,,
"Ukraine","UA","UKR","804","EUR",2022,25,25,1,25,18510,1239,25,21071,12945,9406,,,,,,
"Ukraine","UA","UKR","804","EUR",2023,25,25,1,25,20058,1708,,,,,1,1,1,1,,
"Ukraine","UA","UKR","804","EUR",2024,,,,,,,,,,,,,,,1,324802
"United Republic of Tanzania","TZ","TZA","834","AFR",2013,,,,,,,168,,49412,44802,,,,,,
"United Republic of Tanzania","TZ","TZA","834","AFR",2014,168,,,168,59192,10416,193,63151,51939,47149,,,,,,
"United Republic of Tanzania","TZ","TZA","834","AFR",2015,193,193,1,108,41527,8570,200,62180,55030,49478,,,,,,
"United Republic of Tanzania","TZ","TZA","834","AFR",2016,200,200,1,143,50653,6268,213,65908,60420,54547,,,,,,
"United Republic of Tanzania","TZ","TZA","834","AFR",2017,214,214,1,195,63876,10021,219,69518,66985,60672,,,,,,
"United Republic of Tanzania","TZ","TZA","834","AFR",2018,220,220,1,215,75577,13030,213,70000,70000,63989,,,,,,
"United Republic of Tanzania","TZ","TZA","834","AFR",2019,219,213,1,213,80900,21521,219,80752,77589,72672,,,,,,
"United Republic of Tanzania","TZ","TZA","834","AFR",2020,219,219,1,218,84445,27279,220,81549,81549,78013,,,,,,
"United Republic of Tanzania","TZ","TZA","834","AFR",2021,220,220,1,218,86052,28340,218,85813,83698,80146,,,,,,
"United Republic of Tanzania","TZ","TZA","834","AFR",2022,218,218,1,218,100100,40415,218,99636,98198,94539,,,,,,
"United Republic of Tanzania","TZ","TZA","834","AFR",2023,221,221,1,221,92368,35893,,,,,1,1,1,1,,
"United Republic of Tanzania","TZ","TZA","834","AFR",2024,,,,,,,,,,,,,,,1,2033450
"Uruguay","UY","URY","858","AMR",2022,,,,,,,0,0,0,0,,,,,,
"Uruguay","UY","URY","858","AMR",2023,42,0,1,0,0,0,,,,,0,0,0,0,,
"Uruguay","UY","URY","858","AMR",2024,,,,,,,,,,,,,,,0,
"Uzbekistan","UZ","UZB","860","EUR",2013,,,,,,,4433,,20812,17843,,,,,,
"Uzbekistan","UZ","UZB","860","EUR",2014,4516,,,4278,11154,7191,46,11154,7191,6592,,,,,,
"Uzbekistan","UZ","UZB","860","EUR",2015,236,196,1,46,8527,0,,,,,,,,,,
"Uzbekistan","UZ","UZB","860","EUR",2016,236,236,0,,,,235,14743,14743,11840,,,,,,
"Uzbekistan","UZ","UZB","860","EUR",2017,235,235,1,235,16842,6737,235,16842,16842,13554,,,,,,
"Uzbekistan","UZ","UZB","860","EUR",2018,238,238,1,238,11143,5270,238,18496,18496,14168,,,,,,
"Uzbekistan","UZ","UZB","860","EUR",2019,239,239,1,239,10281,5991,241,18774,18774,14128,,,,,,
"Uzbekistan","UZ","UZB","860","EUR",2020,241,241,1,241,12111,4213,,,,,,,,,,
"Uzbekistan","UZ","UZB","860","EUR",2021,252,252,0,,,,,,,,,,,,,
"Uzbekistan","UZ","UZB","860","EUR",2023,253,,0,,,,,,,,1,1,0,1,,
"Uzbekistan","UZ","UZB","860","EUR",2024,,,,,,,,,,,,,,,0,
"Vanuatu","VU","VUT","548","WPR",2015,5,5,0,,,,,,,,,,,,,
"Vanuatu","VU","VUT","548","WPR",2016,5,0,0,,,,,,,,,,,,,
"Vanuatu","VU","VUT","548","WPR",2017,6,6,0,,,,5,87,4,4,,,,,,
"Vanuatu","VU","VUT","548","WPR",2018,5,5,1,5,90,5,3,0,0,0,,,,,,
"Vanuatu","VU","VUT","548","WPR",2019,10,10,1,5,0,0,5,93,93,79,,,,,,
"Vanuatu","VU","VUT","548","WPR",2020,5,5,1,5,83,14,6,63,63,48,,,,,,
"Vanuatu","VU","VUT","548","WPR",2021,13,13,1,7,6,6,,,,,,,,,,
"Vanuatu","VU","VUT","548","WPR",2022,6,6,0,,,,6,101,84,75,,,,,,
"Vanuatu","VU","VUT","548","WPR",2023,6,6,1,6,84,10,,,,,1,1,1,0,,
"Vanuatu","VU","VUT","548","WPR",2024,,,,,,,,,,,,,,,1,150000
"Venezuela (Bolivarian Republic of)","VE","VEN","862","AMR",2015,224,224,0,,,,,,,,,,,,,
"Venezuela (Bolivarian Republic of)","VE","VEN","862","AMR",2016,24,20,0,,,,5,1846,96,94,,,,,,
"Venezuela (Bolivarian Republic of)","VE","VEN","862","AMR",2017,96,8,1,7,1978,472,,,,,,,,,,
"Venezuela (Bolivarian Republic of)","VE","VEN","862","AMR",2018,96,10,0,,,,,,,,,,,,,
"Venezuela (Bolivarian Republic of)","VE","VEN","862","AMR",2019,96,36,0,,,,,,,,,,,,,
"Venezuela (Bolivarian Republic of)","VE","VEN","862","AMR",2020,,,,,,,0,0,0,0,,,,,,
"Venezuela (Bolivarian Republic of)","VE","VEN","862","AMR",2021,576,120,1,120,852,112,0,0,0,0,,,,,,
"Venezuela (Bolivarian Republic of)","VE","VEN","862","AMR",2022,576,98,1,98,342,132,,,,,,,,,,
"Venezuela (Bolivarian Republic of)","VE","VEN","862","AMR",2023,572,344,0,,,,,,,,1,1,0,1,,
"Venezuela (Bolivarian Republic of)","VE","VEN","862","AMR",2024,,,,,,,,,,,,,,,0,
"Viet Nam","VN","VNM","704","WPR",2013,,,,,,,815,,100721,92311,,,,,,
"Viet Nam","VN","VNM","704","WPR",2014,815,,,,,,815,102087,102087,92879,,,,,,
"Viet Nam","VN","VNM","704","WPR",2015,855,855,1,855,56648,,873,102676,102676,93857,,,,,,
"Viet Nam","VN","VNM","704","WPR",2016,873,873,1,873,101945,,873,106527,106527,92235,,,,,,
"Viet Nam","VN","VNM","704","WPR",2017,873,873,1,873,102598,,894,105733,105733,96742,,,,,,
"Viet Nam","VN","VNM","704","WPR",2018,894,894,1,894,99558,,880,102171,,93251,,,,,,
"Viet Nam","VN","VNM","704","WPR",2019,880,880,1,880,102420,,880,104505,,,,,,,,
"Viet Nam","VN","VNM","704","WPR",2020,885,885,1,885,93557,,885,101705,,,,,,,,
"Viet Nam","VN","VNM","704","WPR",2021,885,885,1,885,77579,,855,78935,,,,,,,,
"Viet Nam","VN","VNM","704","WPR",2022,885,885,1,855,102437,,855,78935,,,,,,,,
"Viet Nam","VN","VNM","704","WPR",2023,885,885,1,855,102437,,,,,,1,1,2,2,,
"Viet Nam","VN","VNM","704","WPR",2024,,,,,,,,,,,,,,,1,672222
"Yemen","YE","YEM","887","EMR",2015,333,,0,,,,,,,,,,,,,
"Yemen","YE","YEM","887","EMR",2016,270,,0,,,,,,,,,,,,,
"Yemen","YE","YEM","887","EMR",2017,0,0,0,,,,,,,,,,,,,
"Zambia","ZM","ZMB","894","AFR",2014,364,,,,,,,,,,,,,,,
"Zambia","ZM","ZMB","894","AFR",2015,103,,0,,,,,,,,,,,,,
"Zambia","ZM","ZMB","894","AFR",2016,104,0,0,,,,48,16440,11279,9279,,,,,,
"Zambia","ZM","ZMB","894","AFR",2017,104,48,1,48,16195,1019,48,16195,16195,14210,,,,,,
"Zambia","ZM","ZMB","894","AFR",2018,115,115,1,115,35071,8730,118,35071,35071,31558,,,,,,
"Zambia","ZM","ZMB","894","AFR",2019,118,118,1,118,36150,9849,118,36150,36150,32342,,,,,,
"Zambia","ZM","ZMB","894","AFR",2020,118,118,1,118,40000,13455,118,40726,13455,12264,,,,,,
"Zambia","ZM","ZMB","894","AFR",2021,118,118,1,118,50075,2504,116,50825,50825,46161,,,,,,
"Zambia","ZM","ZMB","894","AFR",2022,116,116,1,116,54127,5516,,,,,,,,,,
"Zambia","ZM","ZMB","894","AFR",2023,116,116,0,,,,,,,,1,1,2,1,,
"Zambia","ZM","ZMB","894","AFR",2024,,,,,,,,,,,,,,,1,
"Zimbabwe","ZW","ZWE","716","AFR",2013,,,,,,,126,,20271,20271,,,,,,
"Zimbabwe","ZW","ZWE","716","AFR",2014,1651,,,,,,126,32016,15076,,,,,,,
"Zimbabwe","ZW","ZWE","716","AFR",2015,126,126,1,126,27314,1242,64,28225,9907,,,,,,,
"Zimbabwe","ZW","ZWE","716","AFR",2016,64,64,1,64,27353,1915,65,27353,14439,,,,,,,
"Zimbabwe","ZW","ZWE","716","AFR",2017,65,65,1,65,26401,2679,122,25402,15929,,,,,,,
"Zimbabwe","ZW","ZWE","716","AFR",2018,122,122,1,122,25775,3087,122,25775,15982,,,,,,,
"Zimbabwe","ZW","ZWE","716","AFR",2019,122,122,1,122,21577,2585,1616,21577,21577,17717,,,,,,
"Zimbabwe","ZW","ZWE","716","AFR",2020,1616,1616,,1616,16019,1788,1650,16041,10774,,,,,,,
"Zimbabwe","ZW","ZWE","716","AFR",2021,1650,1650,1,1650,16541,2174,220,16576,10385,,,,,,,
"Zimbabwe","ZW","ZWE","716","AFR",2022,220,220,1,220,18222,2775,1600,18555,18555,16459,,,,,,
"Zimbabwe","ZW","ZWE","716","AFR",2023,1600,1600,1,1600,19207,2741,,,,,1,1,1,1,,
"Zimbabwe","ZW","ZWE","716","AFR",2024,,,,,,,,,,,,,,,1,
